segment_id,time_to_eruption_pred_knn
1000015382,19658471.2
1000554676,16944896.8
1000745424,21416474.6
1001461087,20727494.4
1001732002,31029952.0
1002275321,26981547.4
1002575641,10089534.4
1002609771,29118792.0
1002624617,20178884.8
1002789083,11495678.2
1002825126,25948383.4
1003154738,11306412.6
1003175827,22395360.0
1003411703,34852918.2
1003520023,10917391.2
10035828,20665491.6
1004346803,19135290.2
1004557332,23622895.6
1004561781,15930324.0
1004609129,37203290.2
100519902,20443074.0
1005472094,29248172.6
100610446,22123553.6
1006345280,15221391.2
1006842231,30088422.4
1007019534,15169963.8
1007996426,32242476.6
1009126824,8434923.4
1009442335,25407116.0
1009749143,14087754.0
1010002096,31433901.0
1010561361,31691752.2
1010680130,22850421.6
1010725931,27789159.4
1010756593,27884733.4
1010864137,18374974.6
1011078321,26869199.0
1011133267,26955470.2
1013196130,5303934.4
1013226239,29493758.6
1013789689,34157833.8
1014562599,22747585.0
1014585637,19617249.8
1015033166,27704398.2
1015092282,28299734.4
1016110949,24695649.8
101616763,20526773.6
1016242026,24830954.4
1016727429,35662540.6
1016932159,13727911.2
1016956864,33715267.6
1017830158,8514032.4
1018207090,16131405.6
1018435910,19797046.4
1018756523,25912739.0
1019052648,22515732.0
1019955915,33411276.8
1020283272,20907186.2
1021479157,21850922.2
1022420757,24163083.2
1023111602,24327005.0
1023245702,25005823.6
102338326,9890668.4
1023559523,20361278.8
1023589533,19081634.6
1023927094,14074732.2
1024265947,21521397.2
1024522044,20762328.2
1024855809,21766658.2
1025401939,22306226.0
1025870964,31274546.4
1026930172,12188474.8
1027307874,12075619.6
1027457977,32178563.0
1028325789,31507379.6
1028350709,9305761.6
1028796869,8023344.8
1028829115,13432608.0
1030109165,10963130.2
1031098571,1394246.4
1031775369,21730467.2
1032429253,32779578.8
1032570249,13206916.6
1032987045,15820572.4
1033287069,27345646.4
1033677406,26417169.2
1033835311,28140875.4
1034203889,23291278.2
1036403851,16978667.2
1037601470,21830232.8
1038366766,19723791.2
1038903770,14354070.8
1038918048,37176487.4
1039038516,11328484.8
1039242162,33720307.4
1039583299,40381180.6
1040017632,20221007.8
1040427269,22624433.2
1041846634,19125727.8
1041878888,16362925.2
1041963422,26593529.4
1042260671,40160132.6
1042743186,26738159.6
1042857837,27678552.8
1043816873,14458707.0
1044404474,18583572.8
1044700555,22534053.4
1044996306,18692578.4
1045737293,18491041.2
1046153021,25447999.8
1047097201,11964664.0
1047238065,1152939.0
1047698781,24584141.0
1048009361,19066385.2
1048073965,19085621.2
1048300101,15413157.8
1049186697,13257908.2
1049342028,19881589.4
104958377,25581920.4
1049892705,27349053.8
1051215459,27253447.6
1051299690,29803135.2
1051817564,26701632.2
1052073345,9676235.4
1052075589,27906323.4
1052745011,21508735.8
1053043132,6684596.4
1053609274,18493126.6
1053686121,25765299.0
1053927671,833134.0
1054353459,30572373.0
1055093477,32980836.8
1055227118,21815480.4
1056424078,21285400.2
105658810,26489065.6
1056778258,10089534.4
1057137462,24843101.2
1057504299,12664487.0
1057868450,25289217.2
1058582421,28687711.8
1058923200,34668402.2
1059294461,18451533.2
1059381646,15069993.2
1060048694,34403162.8
1060581218,19966390.4
1060632987,4046440.2
106078758,21656168.4
1061211936,25494356.0
1061556765,27061889.2
1061801479,25047514.2
1062764986,37354106.4
1063425676,28359372.6
1064794195,14593375.4
1064935255,25388543.6
1065197609,9067084.0
1065259888,23172525.4
1065800547,28183504.0
1066152649,19386724.0
1067098395,21428748.4
1067330822,26088710.8
1067927661,17344000.8
1068033648,21379090.4
1068054446,23595523.0
1068208983,26925374.0
1068504383,17948512.4
1070060959,22150157.0
1070188655,28501056.4
1070784997,22208686.2
107081920,13785720.6
1070821612,31395880.6
1071049789,27130472.8
1071353921,33065527.2
1071748769,15809750.0
1071777430,45017149.2
1072055317,15742642.8
1072192149,24812111.4
1072732496,21859733.4
1073019591,33241713.0
1073703374,9189052.4
1073745213,20707052.0
107400998,24815443.4
1074244722,28231440.2
1074426665,22026998.2
1074671362,17496576.2
1075300188,20631195.4
1076119752,8852615.4
1077334203,24189110.0
1077415466,1694915.2
1077594989,36230252.4
1078903277,39639860.2
1079138094,33597321.2
1079334814,19849521.0
1079412257,26058714.8
1079412715,12621837.8
1079658754,9280984.4
1079693590,33535931.0
1079724272,20497178.0
1079740004,13691166.2
1079821584,22187874.8
1080143124,12847431.0
108037369,28478677.8
108124387,11499559.8
108195434,35357653.0
1082557979,31726226.2
1082824214,8580300.6
1083379708,25845007.0
1083668827,11455649.0
1084077028,27431493.6
1084739465,23803912.2
1084812938,16568321.2
1086656455,28112875.2
1086685621,20836808.0
1086942147,16868263.2
1087653736,25786919.6
1088021526,21916119.4
108874736,26672632.0
1088828384,19659482.4
1089324375,20974444.8
1089375229,17788847.6
1089435916,5570807.8
1089685571,20399141.0
1089686246,30780871.8
10901393,35800894.4
1090755834,11542135.0
1091829226,20265256.0
1092333463,25995640.0
1092709083,23425160.6
1092728543,23798877.2
1092950441,30331032.6
1093181664,23074803.4
1094000638,17840507.8
1094157333,39616090.6
1096450417,32880024.0
1096543877,23700052.8
1096991212,25520866.8
1098000689,18604573.0
1098074077,11167729.0
1098531429,11921081.6
1098612833,18206039.4
1098698634,19303698.2
1098922326,30670453.6
1099545410,35399198.2
1099864364,18586645.6
1100632800,37113863.0
1100965951,30224123.4
1100991799,40891359.8
1101821065,24492863.0
1102017109,28366860.6
1102879167,25582645.2
1103243029,26330739.0
1103672024,26486893.2
1104061012,20033009.6
1104202675,35693441.8
1104705292,9097183.4
1105095930,29725480.6
1105888187,22325921.2
1105923226,12810678.0
1106309851,41705979.6
1106409037,9189052.4
1107722316,21228055.2
1107780094,20871131.0
110797815,34633560.8
1108848326,20425897.4
110912013,32782114.2
1109392959,32232746.0
1109804924,11278913.6
1110429957,20098902.6
1110563085,30280253.4
1111204031,19711149.0
1111649370,18296235.2
1111781387,30889837.4
1111981902,32122749.6
1112166288,39499899.4
1112652101,31338074.6
1112729101,30403720.6
1112777130,17757904.2
1113243853,17942733.6
1113441311,25820387.0
1113992376,13504163.6
1114275678,19614878.4
1115036717,26574864.0
1115044441,21873406.4
1115085900,27677182.0
1116352983,35253268.0
111665787,25625759.0
1117294384,24316264.2
1117793086,33214241.4
1117905846,2537264.6
111928340,32274937.2
1120445474,18014699.4
1120674393,13678596.2
1120931614,29099195.6
1120996406,14139457.4
1121018916,33097124.8
1121140466,11098855.4
112124903,32120724.0
1121542036,17135046.6
1121697834,19600325.0
1122508880,17599748.4
1123001951,15176328.8
1123066550,28200525.8
112321400,33397557.4
112348433,17948662.8
112375098,24264978.4
1124119171,24259121.8
1124990118,20712340.0
1125424344,16527192.8
1125482656,24469948.8
1126911948,22967601.2
1126999790,27089116.6
1127884712,23809173.2
1128186391,27336792.6
1129429071,28673926.0
1129909391,32580962.8
1129938643,25396954.2
1131527270,42244416.2
1132116234,18830718.2
1132218304,22550380.6
1132419329,25085459.0
1133090317,30846947.6
1133130522,19346627.2
1133499260,19475784.4
1133663547,25451242.0
113427359,628257.2
1134675027,23000241.0
1135450244,21759835.2
1135623500,3844868.0
1135859577,19130093.8
1136037770,17922308.8
1136356907,23348112.6
1136523713,29314830.6
1136682157,21567511.2
1137143171,39136141.8
1137459605,28445704.6
1138124607,26906023.6
1138688286,13346960.8
1139102111,19516669.0
11392010,41705979.6
1139489647,22325116.6
1139540990,25444286.8
1139605058,25988893.2
1139907613,31445539.0
1139939622,14063096.6
1140405837,32943517.8
1140561040,26179967.4
1140760418,33091936.0
1141054211,23242002.2
1141152432,18651540.4
1141177767,21016659.0
1141586751,26898034.6
1141989284,23538996.8
1142113285,31166211.6
1142115505,18669391.2
1142235055,34313912.4
1142739992,28000522.0
1142959485,25771076.4
1142973144,20830910.0
1143009226,24128815.6
1143931457,19413248.4
1143985791,17351582.4
1144399369,32271874.2
1144508876,11630688.0
114473006,25296020.2
1145497571,23382680.6
1145919143,1973479.8
1146220591,25271486.0
1146471189,8470717.8
1146840738,19040524.6
1147795366,21749233.0
1148016357,17446598.8
1148831112,30706779.8
1149417056,26954482.4
1149561649,18450408.8
1150039132,11167368.2
1150756360,22485516.0
1150860263,13502015.6
1151202699,20320336.4
115172114,26356615.2
1151918483,16557719.8
115231914,21021317.2
115235190,31490271.4
1153017772,28075160.4
1153303479,22199071.4
1153507500,19166766.6
1154700918,27068757.0
1154986023,36848668.8
1155073153,27901027.4
1155734430,9627295.6
1156048155,32232168.6
1156586754,27803476.8
1156712721,24052926.8
1156888333,33196907.0
1156895420,26650435.6
1158288485,28070545.4
1158351226,19203487.0
1158353351,19566720.4
1158364571,21774540.8
1158945000,13403730.2
1160064144,21158754.0
1160333827,16217983.6
116173096,19002358.0
1162036523,17717112.4
1162128945,38171454.6
1162241076,18636558.6
1162441568,6924161.6
1162569015,21434411.8
1162680622,33377508.8
1162956646,22710608.0
1163316433,15775378.8
1163754152,32484713.2
1163975632,27616890.0
1164158990,19861400.2
1164949475,24957177.0
116548092,32722393.8
1167730371,20818556.0
1167824881,18555316.8
1168740391,23132398.4
1169355212,23015651.8
1169725037,16534783.8
1170778257,14171769.4
117092563,8385231.4
1171002359,17338547.0
1171309166,35063952.6
1171535008,16638013.8
1171708569,25034238.6
1171869234,21877861.6
1172960446,27294902.6
1173524986,21057272.8
117353587,27725344.2
1174005524,28368340.2
1174567207,21046242.6
1175013181,5303934.4
1175285966,22575391.6
1175666078,22575391.6
1176309909,28288980.2
1176796937,29503919.2
1177828269,34600991.6
1177898008,24107298.6
117864846,26885839.0
1179059409,30398008.4
1179136480,18432625.8
1179922830,29334044.8
11804308,31209929.6
1182480093,28855229.6
1182581931,31022693.0
1182918404,35990443.6
1183368100,7754865.0
118375419,29499606.0
1184189143,42737960.8
118578176,21303687.8
1185987238,23544012.2
1186704180,13734649.8
118766330,17493040.0
1188169213,16309236.2
1188262821,21303000.2
1188464475,29365525.8
1188475928,19676026.4
1188860608,29846355.2
1189625937,31862089.0
1190293359,25338197.8
1191004876,22349940.2
1191350506,31123681.0
1191484058,24586947.2
1191644191,20429657.0
119176309,30316004.8
1192163654,22163803.8
119226806,24043984.4
1192274646,24598128.8
1192354436,28340089.0
119249800,11290953.4
1192605002,30124538.4
1193276340,24595819.4
1193696136,13830952.4
119375610,13215731.8
1193816078,16731003.0
1193838198,20626282.8
1194551803,4218731.8
1194762613,37156804.2
1194799275,20725971.8
1194802638,36533448.0
1194833182,21080166.8
1196312634,25208483.6
1197116188,10816124.6
119735052,18334456.6
119828684,17799776.2
1199580311,41495080.8
1200187647,14663485.4
1200555803,13395714.2
1200721383,22458224.4
120078459,28636421.6
1201950963,35920576.4
1202272000,15957737.0
1202935850,3344100.2
1203041521,12226806.6
1203860975,18419766.4
1204506668,27630581.6
1204676321,15296301.8
1204682805,20093333.8
1204691003,23533445.2
1205512045,21513200.2
12058946,20374940.0
1206090150,9658761.6
1206337783,29460814.2
1206664260,22084239.8
1207105314,24282856.8
1207122523,36051331.8
1207250122,16435005.0
1207479220,21270898.8
1207757591,1741184.0
1207889265,5324778.2
1208305522,34170591.6
1209060315,27718553.6
1209629994,22943797.0
1211398909,27854393.8
1211468948,19440174.0
1212346942,27061960.4
1212561114,11573507.4
1213372869,26391145.4
1214300017,18392680.0
1217169700,17897448.6
1217315221,18987815.8
1217802563,25123360.4
1218086210,20188857.4
1218513300,2788551.6
1218932007,33406646.2
1219465798,18973000.6
121962462,21428537.0
1219716331,23940440.6
1220739030,29079746.4
1221021840,474978.0
1221036432,17656420.0
1222398379,20779882.2
1222915307,16550351.8
122310777,23843534.8
122316130,23077931.0
1223921706,31626734.4
1225045427,1616952.2
1225680864,19120208.2
1225949488,19657104.6
1226022734,33658196.6
1226880809,23940440.6
1227006408,23159323.0
1228887863,11094001.0
123014977,20669124.8
1230395899,19903636.6
1230685914,11656092.0
1231275179,12936571.4
1232501455,17939479.4
1232569304,17040276.8
1232916817,19102603.4
123327103,19191032.0
1233272039,26961453.6
123379451,29280003.2
123496330,31370047.6
1235044971,31362255.0
1235339888,22429809.8
1236175272,20853015.8
1236765323,44209605.0
1237711608,33425377.4
1238100097,6768180.2
1238398453,22586252.6
1238527714,24377029.8
1238859327,25505139.2
1238898356,24491645.0
1239137007,23842818.2
1239209006,25196638.2
1240124708,14456321.8
1241211907,23570315.4
1241598842,18562450.0
1241750749,34906028.2
1242266897,24222157.8
1242521207,19527938.6
1243101535,9453889.4
1243250306,19691236.6
1243491909,21378564.4
12445922,29399105.0
1245409985,11798852.2
1245777723,34506293.4
1246332909,27868942.0
1246585270,19117277.6
1246974750,13212323.4
1248281726,21431435.8
1248634358,18459507.6
1248739400,28223063.2
1249637406,28185323.2
1249783920,21413344.8
1250547705,22927209.4
1251032581,25924766.4
1251724802,19550906.2
1252913785,23185918.4
1253007685,24067713.8
1253627982,16872320.2
1253771879,20202818.2
1253865296,25274646.4
125407016,15906340.2
1254183576,17124788.2
1255076992,25555460.2
1255705928,31359913.6
1255874891,25873256.0
1256153889,17451260.0
1256832219,25572099.0
1256976573,33236869.6
1257785,26063369.2
1258074117,17591989.6
1259389296,3767461.6
1261672283,35502113.0
1262119935,22253732.2
1262173496,34325962.6
1264187919,26746416.2
1264680628,15123098.0
1264939370,26330118.8
1265017674,27428834.8
1265054165,31132633.4
1265639221,34360348.6
1265760121,29908746.6
126625232,34037054.8
1266854541,33983858.8
1266857808,26461659.8
1266859938,28421747.2
1267021789,29949964.0
1267880986,12110069.4
126790315,32734877.2
1268769573,9895847.2
1269253757,22784331.8
1269542251,22856561.2
1270605742,23835664.0
1270753287,24920592.0
1271458082,19802934.8
1272356913,21850583.8
1273244004,29720766.2
1274841432,23602153.2
1275918064,21719197.6
1276176836,25065009.4
1276225678,30899198.8
127669549,18453558.0
1277106217,34325962.6
1278306150,27931352.4
1278603683,20411457.8
1278829366,31570277.4
1278968691,32773835.8
127998922,27880230.6
1280459895,3091157.8
1280586826,18987815.8
1280739208,13861640.2
1281262417,18410071.2
128130872,15453772.2
128144433,2177028.8
1282052294,21577885.4
128323508,19220808.0
1283526641,653955.8
1283573689,26375040.8
1283709970,22070398.2
1284285054,18502456.0
1284309765,24114667.0
1285239035,7579350.6
128716706,29716833.6
1287286275,23084736.4
1287402853,29650383.8
1287615701,6062299.8
1288080146,19848784.4
1288194015,19609948.4
1288880407,23105845.0
1289259843,26313813.2
1290142372,30871770.4
1291417658,28487544.8
1291687640,16956367.6
1292845647,24840848.0
129287408,26950851.4
1293088481,14175465.4
1293102918,10181231.6
129320976,22961727.2
1293710766,39782085.0
1294359814,35221077.4
1294381215,16572865.8
1294895949,5407741.2
129657665,29618330.8
1296601630,30733122.8
1296693816,27393797.8
1296697611,19914737.8
1297437712,19009137.4
1297566199,17155640.2
1298037063,31204425.6
1298395396,21705681.0
1298711544,43581720.0
129965179,18646449.0
1300210122,20189721.4
1300256705,26891186.2
130096034,24659508.0
1300979382,37904638.8
1301215104,16355075.4
1301925952,23496834.4
130209120,24862984.0
1302280863,19164564.0
1302654402,11889559.8
1303574893,19720737.0
1304034123,26829274.2
1304106205,18595880.4
1304351479,12930696.4
1305093267,41910671.4
1305129725,1689753.6
1305598339,31339605.0
1305694172,6320219.6
1305758519,10162779.0
1305823886,19679902.0
1307215143,27245363.4
1307328343,28089765.6
1307861967,21884589.6
1308565628,18669492.8
1308750050,42773506.4
1309817072,22248889.6
1310208823,20203209.4
1310911931,2851930.4
1310954041,34492412.6
1311274723,20378284.2
1312446527,19599552.4
1312630419,2697610.6
1312764883,16140660.2
1313448605,14733214.6
1313551275,23094288.4
1313680478,25992117.6
1313787407,3593661.2
1313998053,32764413.6
1314192981,22266982.2
1314629889,27053604.0
1315469276,17957916.4
1315506288,649798.8
1317025433,10125132.2
1317400348,12374291.2
1317554940,33312217.4
1318204178,18712441.2
1319370888,15486140.8
1319378846,8568711.0
1319864887,35846505.6
1319975881,24612890.6
1320010275,8981748.6
1320483504,21489356.6
1320498730,12544334.6
132258958,13632628.2
1323724621,30914070.4
1324741890,16205774.2
1324761660,9053924.4
132489921,17524552.2
1326488338,21132655.2
1326617744,9991482.2
1326807935,20750135.0
1327115949,27222248.0
132764109,17752497.4
1328234349,38735407.4
1328518626,25037355.0
1328943551,27570442.6
1328956322,8793400.0
1329020649,19689814.8
1329220620,21572729.0
1329263976,31707774.8
132927805,25285297.6
1329905008,30621169.0
1330823364,17435817.4
1331551006,33412120.0
1332087486,22894670.2
1332361740,19446127.6
1332574136,18936527.6
1332634054,19708527.6
1333272006,24242511.2
1333853572,29915690.0
1334508596,29050993.6
1334588229,17091098.0
1335503667,18805198.8
1336077563,14587968.4
1336134836,31318915.0
133629750,20737578.0
1336882195,29426957.2
133763341,33458711.4
1337708357,31498172.4
1338729778,29678568.4
1338917012,17363328.2
133899712,24664188.6
1339140243,18901529.6
1340035112,18871796.2
134008248,19111825.6
1340699060,32351603.2
1340723162,23887353.4
1340962670,19505964.0
1341275515,23220477.4
1341530534,30560246.6
1343997378,22258732.6
1344317045,22628238.2
1344426246,23228672.6
1344705421,22811580.6
1344839103,25695230.4
1344874727,5848369.0
1344932064,29915512.6
1345496888,32929251.0
1345648815,23749192.8
1345892489,30079522.4
134592962,17033341.8
1345995920,22728029.2
1346216299,13310294.4
1346352171,22206304.4
1347072942,28708351.2
1347428608,19454893.4
1348064674,20938710.8
1349173274,17062611.6
1349479780,25976591.2
1349973145,25528228.0
1350466548,18938907.4
1350859070,31974571.8
1350940792,22005749.8
1351464367,7893730.6
1351967389,21204482.8
1352085264,9732635.4
1352232540,21394622.0
1352696610,26458672.6
1353979920,15357649.4
1354460277,21864064.4
1354938804,8522889.6
13555849,17792430.2
1356478673,20871478.0
1357148161,25621264.0
1357279829,28119700.8
1357911280,24612630.6
1357967825,19440593.6
1358091136,22551093.0
1358099181,38713188.0
1358458285,17206680.6
1358944219,22811599.0
1358957614,24901672.2
1360465324,29164581.0
1360677443,25210940.6
1360677928,19961510.0
1361656569,29698892.4
1361703143,15099017.0
1363015883,28385199.2
1363345018,2982744.4
1364052091,25591065.6
1365429543,21712679.0
1366126036,1939605.8
1366400860,34658083.2
1366986013,21378959.0
136698635,22046196.6
1367207994,26306218.8
1368009563,25151085.2
1368969105,27980412.6
1370207576,28561124.4
1370726402,27897267.4
1371032972,22464369.8
1371124950,17908550.6
1372045435,36248716.8
137275078,35114343.0
1373364071,26715165.6
1373498251,33100701.6
1374505946,25968067.4
1374758095,36481401.8
1375203977,30226879.0
1375353446,21174511.6
1376247982,17988837.2
1376574453,29143067.6
1376578175,16704387.6
137679693,23431523.0
1377003857,15023691.2
1377244339,18085920.4
1377591970,22009819.8
1377931300,19570661.0
1377934753,12385196.8
1378201806,18689006.6
137834515,30806174.2
1378538542,34979472.2
13787554,16279271.8
1378847502,20325847.8
1379040576,17322033.0
1379738583,23817615.6
1380340436,19697938.2
138039480,27787856.4
1380998187,17542298.6
13810270,27312846.8
138147248,31589583.6
1381523950,33500125.8
1381856680,20958881.0
1382431979,19527240.4
1382546481,21144227.2
1383888094,24985399.6
1384601116,22517426.0
1385372778,20722730.6
1385520858,20031610.4
1385743153,30469237.2
1386110645,28500212.0
1386901660,16471062.6
1387300995,29734338.2
1387473393,13770995.6
1387843214,753304.8
1387912675,24770214.4
1387922773,32537243.8
1388662654,14966512.8
1389436963,36676326.8
1389468202,22647635.2
1392432372,16399703.6
1392504290,22427084.2
139264857,30588770.6
1393018175,38027249.6
1393369578,35945779.8
1393728805,32876659.2
1393743223,34089390.4
1396043556,16693240.6
139656908,26922097.0
1396760068,18131259.6
1397337085,19960711.4
1397536621,16586550.2
1397959564,34073401.6
1398442640,13962365.6
1398925521,959387.6
1399092321,26626054.8
1399150490,21479600.4
139925492,24296042.8
1400253000,29920069.2
140031872,19830092.6
1400727315,959387.6
1400929225,17134433.0
1402556914,31479863.8
1402674973,27777913.2
1402914692,30992659.2
1403005697,27477017.6
1403222059,16756464.4
1403244730,19446291.6
1403440092,21058568.4
140348256,31767767.6
1403947680,25562426.2
1404122310,22169006.2
1404179874,23900823.2
1404322654,18383214.6
1404502479,22895140.2
1405189645,26686269.4
1405443107,18640333.4
1406234149,33616399.8
1406456924,17191725.0
1406626451,28384774.8
1406938061,27860569.8
1407084157,25681858.4
1407094442,26732495.6
1407261706,28131135.6
1408285202,31621152.6
140851065,19943583.2
1408645616,26346043.4
1408663387,34284961.4
1409167039,3989719.8
1410476318,21414096.2
1410567660,22416858.0
1410663630,9982340.6
1410667473,23912857.6
1410693848,19995969.6
1411419095,28899705.2
1411775590,19689814.8
1412442495,11856338.8
141250336,30309704.6
1412551688,25022833.6
141279579,21234681.0
1413196778,23481472.8
1413419956,16128445.4
1413459553,28442907.0
1413955161,12807579.6
1414081636,26076179.2
1414856943,29515060.6
1414888691,14393026.4
1417147250,23168327.6
1417251029,20026968.4
1417483552,10333292.2
1417547769,29516516.2
141900078,23613055.8
1419062310,26586262.0
1419273442,18961185.4
1419366371,27714994.6
1420022233,5119147.4
142016409,30519810.8
1420404974,34241650.8
1421336443,35268220.8
1421646167,13871377.6
1422136694,11138218.2
1422467265,19198426.2
1422856161,19417288.2
1423567749,8977786.2
1424510231,14915905.0
1424738928,24645356.4
1424964276,19883519.0
1425060539,35105069.8
1425732038,22859440.4
1426693444,31597001.4
1427234962,9678352.4
1427376683,22300622.0
1428662973,7037867.8
1429720483,37611168.8
1429986546,25815464.0
143072526,32756078.8
1432155265,24976387.4
1432170310,28539162.4
1432222552,15011358.2
1432725171,4587352.2
1434612372,34479191.8
1434896619,20161259.2
1434967441,24972798.0
1435604135,21765261.6
1435710094,11586940.0
1436148540,16301696.2
1437169630,27559735.4
1437432319,26533375.8
1437553540,27589742.6
1437660399,18676028.2
1437708188,16522250.4
1437790674,18324187.2
1438275988,10701245.4
1438676404,29143067.6
1439362849,23159713.8
1439683436,31646631.2
1439873054,15286026.0
1440363043,25313796.2
1440716735,28843711.4
1440719862,34399706.4
1440782876,34146531.2
1441988574,26316174.0
1442464431,1891899.6
1442958573,20915304.4
1443158011,4532100.2
1443160198,4663431.8
1443481225,26606055.6
1443500291,31514739.8
1443519091,38088863.8
1444160100,31920172.6
1444262099,29812969.0
1444387622,17710265.2
144439544,16393134.6
144472636,33977359.0
1444957178,30516252.0
1445132059,32730609.6
144524710,22978332.2
1445652932,11727410.2
1445824208,22697952.0
1446284136,30089534.0
1446664944,24452941.0
1447237480,28607382.6
1447263565,21319884.8
1447502349,27874255.8
1448402324,25210188.6
1449261406,28408723.2
1449852524,38066808.6
1450261744,18296235.2
1450513592,23682840.2
1451062875,22284004.4
1451204584,23198724.2
1451279123,31066473.2
1451955122,24801710.6
1453766944,21978068.6
1454051706,18324187.2
1455109840,9667185.0
1455221961,30148163.6
1455373409,25312311.0
1455809756,30416377.0
1456047002,12992433.8
1456852927,19044624.4
1458614920,21581090.2
1459085269,39633150.2
1459680684,12868525.2
1460750672,8531305.6
1460923158,23092908.4
1461290290,26692520.2
1461319494,25049113.4
1461450381,22499121.4
1461706190,32186617.2
1462046575,43258209.8
146209214,25119796.2
1462188075,7824482.6
1462667376,22325158.8
1462800416,13836760.8
1463782910,37644075.8
1463836548,23704382.6
146420447,21534629.0
1466017476,897171.8
1466051838,30070975.0
1466563606,35364540.2
1466604072,17696242.2
1467444506,33179532.6
1468181012,38756298.0
1468312828,25479042.4
14685760,26899717.8
1469153943,26583293.8
1469190191,28894701.0
1469260621,25761320.6
1469324627,38974679.6
1469540533,24976387.4
1469602035,22011084.4
1469935552,22066935.8
1470369862,7968665.0
147102860,27754402.0
147128247,30957285.2
147205244,21787408.6
1472087348,18909574.4
1472473932,19151288.2
147392583,31966297.4
1474141102,38066808.6
1476041037,25983201.0
1476171977,34335856.8
1476309575,18045412.8
1476322553,13264780.0
1477015307,25312433.4
1477395136,27260843.8
1477663242,25782666.4
1477839540,20206891.6
1478302828,32680461.8
1478564166,37939514.8
1478840230,24047325.6
1479213552,30438187.2
1479278577,20958881.0
1479710173,32660866.2
1480698713,34952445.0
1482496421,26549051.6
1482862649,11977084.6
1483578286,29037462.0
1484098101,16843746.0
1484819245,32569783.4
1484856965,28141141.2
1485671228,27140766.8
148576934,19281105.4
148601568,15284992.4
1486075932,21277556.2
1486142922,25522485.4
148632090,20527365.2
1486489212,28848018.4
1486668961,37919654.6
1486929834,24972827.4
14879891,26614589.8
148815721,28058272.0
1488245608,21830133.4
1488662239,8382423.0
1488959516,30121190.4
1489598665,15801282.8
1489646598,14088385.4
1489953884,21340308.0
1490325704,14442987.4
1490656252,25151629.6
1492219470,20071385.8
1493034353,29653369.0
1493166217,22982785.0
1493424939,20400821.4
1493638592,13928194.6
149374383,31152624.6
1493932041,31045862.8
1494607307,20758652.8
1494708577,12071659.4
1495126611,23329645.0
1495345557,12416166.2
1495482792,21001297.0
1497265174,26659299.8
1497445622,33052366.8
1497846794,28019253.6
1499144685,33639831.8
1499296427,3634701.4
1499681561,28569218.2
150069740,24415160.4
1502052925,32126877.0
1502208709,28270368.0
1502376061,30289900.4
1502408473,14385080.6
1502692763,24215382.2
1502945599,27826570.4
1503670205,24062475.0
1503780649,29288224.4
15038768,21679751.2
1504876934,26623760.2
1504911882,20731652.2
1505089359,36408034.2
1505556122,24957860.0
150565400,28503566.2
1505680768,23165329.0
1505762469,26093746.0
1506120842,33247553.4
1506387394,35609686.6
150692731,25739521.2
150706632,13915749.4
1507583987,26719343.2
1507603213,20482709.2
1508036805,44346956.0
1508291375,22160456.4
1509404697,6541746.2
150962494,31851087.6
1509748401,26184796.8
1509795330,5856997.8
1510713124,19195642.0
1510886295,16245585.8
1510912952,16843746.0
151107051,22155583.4
1511476858,3844594.2
151157022,27862876.2
1511802934,28571006.4
15118652,29123508.6
1511969211,26024021.4
151240150,38478158.2
1512562688,20464639.8
1512687161,16093865.0
1513196726,22924448.2
1513209651,8668406.8
151326352,20764337.6
1514030702,33560974.2
1514632329,13607842.2
1514701930,32960642.2
1515347392,881554.8
1516882705,17242882.0
151767499,19164407.6
1519380697,30382671.0
1519401781,17062797.0
1519481245,26861592.4
1519559429,29724193.8
152072473,13612048.6
1520759814,26868665.6
152111866,27451266.2
1521233834,27455957.4
1522261632,25909915.2
1522314619,30472305.8
1522883469,25304783.4
1523753816,21375078.0
1523983812,19326099.6
1524599064,22239686.4
1524808856,14539150.6
1524814836,11976587.2
1525509255,30861905.4
1525760982,23653820.0
1526747205,10711754.4
1527528712,26110948.0
1527530975,25013553.8
152867048,2374271.0
1529424839,24930847.8
153007144,15255062.0
1530092377,28073518.0
1530348286,14327281.6
1532608723,34791264.8
1532720435,27489047.8
1533236910,30812373.6
1533408168,16856757.2
1533439228,25151629.6
1533558667,30106750.8
1533625076,26960867.6
1533843141,31721955.6
1534028825,21736237.2
1534568373,3905482.8
1534853725,26263713.0
1534910358,11605057.0
1536905602,31491725.6
1537170513,24015655.6
1537199208,17881755.2
1537645954,26260821.2
1537766774,34146409.4
1537869655,13693767.8
1539005013,13011927.0
1540053816,17067464.2
1540481927,19807296.8
1540579925,29714823.8
1541433823,30482169.2
1541798814,22285108.8
1542102359,26192650.2
1543271024,19583802.2
1543404630,32790230.6
154409450,15306711.4
1544513511,34482565.2
1544540742,21330457.8
1545024767,14371645.2
1545662207,24038312.8
154613191,25176059.0
1546500531,28907141.8
1546647257,5402106.6
1546922076,34100942.8
1547755719,34902431.4
154787093,24625719.0
1548235700,26620159.6
1548788345,2085047.2
1549923926,19033251.4
1550253917,20733802.8
155043963,26152214.0
155056884,19991321.0
15525330,10984860.6
1552761888,13427925.8
1552764843,29853835.4
1553019029,33084476.6
1553350259,24402188.8
1554283260,3215127.2
1554735767,35946514.8
1555470862,20871880.6
155632232,35609848.8
1556454835,13161852.0
1557541129,25674172.4
1557614721,32478106.0
1557776093,26925665.2
1557962429,9137226.8
1558259403,8504346.6
1558445312,21486561.2
1558786314,22774919.2
1560069411,18366183.8
1560072843,17707199.6
1560663307,31882673.8
1560889869,19263730.2
1561308440,22913476.4
1561331479,18741476.2
1561334237,23070817.4
1561688102,13607483.0
1561804830,31142415.8
1562801720,31876862.0
1562841966,7995835.6
1563489982,17924164.2
1563807677,24224496.2
1564588400,34762380.2
1565193330,18323938.0
1565222536,5847503.0
1565482774,22298815.4
1565589764,23955146.4
1565591534,35309219.6
156595138,22519338.6
1566132188,43447400.4
1566373795,34620467.8
1566722014,8365724.2
1566801415,26315294.2
1566899404,14254593.4
1567108572,31629807.0
1567124119,2407770.2
1567324269,19760170.0
1567718314,15248286.4
1567721120,1484557.8
15685360,14976312.6
1570560259,17979274.4
1571332963,28192703.2
1571669313,26249287.8
1571909877,18999874.8
1572446006,21991174.8
1573377605,23388565.4
1573552780,43564584.6
15737284,15178353.0
1574642598,32824645.4
1574845881,19922895.2
1574915383,13458811.6
1575169310,29951931.2
1575325627,23486909.8
1576289277,30793150.4
1576456949,28316914.6
1577179301,27475764.6
1577203317,15592586.2
1577225037,22967930.4
1577280457,23330766.0
1577367680,19282236.4
1579307701,22682149.6
1580439748,36506767.8
1580979374,24366369.8
1581516910,27026536.2
1581535482,29038974.6
158177105,26729395.2
1581973088,35946514.8
1582079735,22582719.6
1582153669,18117541.6
1582918411,31625233.8
1582932667,27617720.0
1583152581,30266071.2
1583418568,19701916.0
1584345184,15075881.2
1585058268,25410011.0
1585404290,37608318.0
1586311193,28798279.2
1586315342,33970130.0
1586453317,2700089.6
1587797749,37039440.0
158808629,26157647.8
1588190171,13307400.8
1588195813,33417667.4
1588345140,23780143.6
1588977747,24811187.2
1589908307,8104229.6
1590373443,17905978.8
1590661832,26144463.6
159071987,30176325.6
1591530518,17294573.4
1591648528,9874772.6
1591838239,17588007.4
159254576,12739455.4
1592618501,29904135.6
1592733007,11620414.0
1593620672,11908234.4
1593819793,26329828.8
1593881532,25800128.8
1596088659,23231159.6
1596396273,32359392.6
1596652528,19821678.8
1596656076,31357821.0
1597120941,30718758.2
1597167581,15782406.6
1598027075,29798416.0
1598529424,23074640.4
1598579219,20973341.8
1598867065,35839179.8
1599567355,36925377.2
159994029,13288258.0
1600768087,19220246.0
1600911148,27479531.6
1601879671,25800128.8
1602353393,29104168.6
1602806318,19519389.4
160311230,32468611.6
1603113637,32017759.2
1603169207,3129902.4
1603965113,25835744.2
1604029643,29303953.6
1604854130,25998099.8
1605937406,43806176.6
1606293873,6718394.0
1606405966,37879180.0
1606687852,21219699.8
1606727044,16234625.8
1606986046,27370875.0
1607261076,26072871.8
1607344773,27760006.6
1607574370,31201329.8
1607704106,33094251.2
1607992811,17894216.2
1609083406,32410661.2
1610320452,22705004.4
1610438119,22917634.2
1610557757,24316290.0
1612658867,23301269.4
161359660,13714381.4
1613919491,5709189.2
1615291178,36466361.4
1615710791,23396809.0
1616052461,38555589.8
1617137408,33321313.6
161824206,29717455.8
1618611548,31335932.6
1618642010,35842684.2
1618681992,26292091.2
1619054199,20994261.6
161907109,24901653.2
1619573441,31612372.2
1619708381,27155507.4
162096643,26968485.6
1621292754,27750446.4
1621317326,19234555.6
1621736580,30513912.4
1622409915,20481539.8
1622505642,24893897.6
1622538307,25881136.2
1622981665,27697163.2
1623384046,18190086.4
1623655934,5237416.4
1623980475,22703489.0
1624253744,25643076.4
1624949961,3200665.6
1625290411,13585067.4
1625600951,32137287.4
1625609574,24866872.8
1626437563,23207030.6
1626674258,34544710.0
162722008,19539814.6
1627658612,26379763.2
1627975310,20292822.2
1629106107,31892074.8
162926555,24009783.4
1629550343,38503295.4
1629587216,33855694.0
1629643803,33759045.0
1630228584,15940436.8
1630279379,9574862.6
1630569825,28454556.8
1631336027,24337431.4
1632535663,23596207.4
1632557353,19349361.0
1632583965,14019157.6
1633360830,31101055.2
1634106584,38657923.6
163436705,16892303.8
1634625168,20921926.8
1634919976,17598104.8
1635285590,22580562.8
1635734529,24528561.0
1636322057,35148377.0
1636892588,29314503.4
16377035,21125817.2
1638035861,22410357.4
1638430995,13791571.8
1638487506,19596585.6
1638717547,20165148.0
1639333839,1676062.0
1639990361,30382844.8
1640303200,20372971.4
1640400054,40589727.8
1640671020,17552286.0
1640919122,30256464.4
1642072889,21552167.0
1642532502,16263010.4
1642805858,26298030.2
1642957741,37384840.0
1643495358,28559511.4
1643568466,37175047.6
1643620295,17459397.6
1643914860,22470490.4
164402661,22655099.6
1644400982,22607483.6
1644815944,25051130.0
1644850249,29827524.8
1645508690,25565890.2
1646467816,21549612.4
1647077641,25066265.4
1647257575,8409922.6
1647327707,34574204.4
1647654553,9126160.2
1647674114,34591480.8
164798551,9276989.2
164890155,34087996.0
1648977848,26460226.4
1649051276,8382423.0
1649549859,31732877.2
1649748344,10259079.0
1649933394,9444423.4
165200206,28420466.0
1652114233,24398266.2
1652870504,1549005.6
165447134,28607591.0
1654474728,21065140.4
1654531953,23356515.6
1654655678,28762577.4
1655117264,18783279.8
1655885803,20071324.0
1656408967,19447069.2
1656662672,39206231.6
1657095390,20425804.2
1657113850,34201246.6
1657717794,18991889.4
165778108,33386153.0
1658170941,16108231.6
1658693785,27116848.8
1659498570,22247205.0
165983127,26179717.4
1659836040,32759631.0
1659897895,33981170.6
1659940427,22937582.8
1660325198,16012894.8
1660458173,3056714.6
1660531047,26783514.6
1660774367,27117452.0
1661002035,20999968.0
1661123112,19180240.2
1661769066,28420367.0
1662385103,23997978.6
1662488329,25897680.8
1662666428,27411120.8
1662707704,23154162.2
1662980545,27561951.2
1663507226,19220882.4
1664244261,1835679.4
1664535047,23139327.8
1664537012,7165425.6
1664633281,19259371.0
166516369,24845751.4
1665696677,28537827.4
1665816909,2784060.4
1665859674,21761071.0
1666016762,24725635.4
1666037045,14272049.8
1666736798,28045921.0
1667192884,30013931.4
1668596564,39228739.0
1668927022,7221030.6
1670044894,22153369.8
1673078322,21724522.6
1673131704,11974534.2
1673190528,30281075.0
1673745979,13148683.6
1673808277,29696638.0
1674520710,19144004.0
1675304792,30886557.2
1676337198,20552004.4
1676626416,19285808.2
1676626801,18156883.8
1676644030,26968766.8
1677777034,34687056.8
1678614313,29194472.4
1678801994,14515920.2
167910682,20058347.0
1679797038,27691388.8
1680110817,21988453.4
168031461,21127450.8
168061873,9374325.4
1681357380,26783498.0
1681896366,13041523.8
1682499870,21306146.6
1684619539,29637588.4
1687130255,12410103.0
1688414695,17595689.8
1688829653,15812704.6
1688844244,35744117.4
168903539,31370178.4
1689674359,23966978.2
1690458083,26171730.6
1691053444,19390862.6
1691322781,15629831.4
1691939173,23024443.2
1692940358,24298993.2
1693182700,28070316.0
1693633195,36302655.6
1694484234,33259494.2
1695657865,43571526.4
1695772898,34721394.2
1696196745,30568536.0
1696230471,29334887.8
1696428789,17673601.0
1696879043,30095617.8
1697294554,22649165.6
1697700974,33120742.0
1697989660,23723401.0
1698103651,11038922.2
169856050,30920081.6
1699037504,20034043.4
1699110788,26065203.0
169924430,29330312.6
1699783975,27666328.2
1700043853,17556287.8
1700093004,22921309.4
1700303244,4954747.2
1701117181,27851598.0
1701588334,27328666.8
1701589386,29927226.0
1701666360,25162301.0
1702022349,23241777.0
1702047198,33408850.8
1702088520,23994534.4
1702092683,38834571.6
1702619561,38286008.8
1704169438,20600474.4
1705846659,24433217.6
1706039642,17044758.6
1706046814,26196904.2
1706661278,21330544.8
1706956734,29518596.6
1707721881,27727123.0
1707927431,2851930.4
1707941878,906469.0
1708031664,26664160.2
1708398459,25420099.0
170846154,27516340.4
170876718,7987661.4
1709437305,29888294.6
1710136076,23771282.8
1710219667,29776308.6
1710703034,30420593.2
17116587,5840713.8
1711869645,20915847.2
1713113385,6134227.6
1714364025,22139367.0
1715006792,20949168.6
1715071327,17430559.0
1716709296,23819155.0
171770953,23844612.0
1720483809,15514258.8
1720926032,16619153.4
1721845898,16950341.2
1721863898,29359033.2
1722218659,30069433.6
1722219544,7824482.6
1723009004,44357308.2
1723670393,23144132.6
1723765105,17463504.8
1723838806,18861789.0
1724893776,13669086.4
1725139160,17998228.8
1725440304,33960197.6
1725501178,17251049.8
1725681486,30395792.6
172630657,14794108.2
1726437005,24388184.0
1726460483,16768023.0
1727538054,19582831.6
1728243757,6948513.4
1728354879,24768845.8
1729294003,28452114.2
1729341905,18674745.8
1730111858,29918879.8
1730836674,8865738.2
1730966873,18805825.2
1731442072,41043224.8
1731539296,35503164.4
1731671258,23352344.6
1731895459,28730873.4
1731908944,30383562.4
1732517587,25101694.2
1732710532,11259720.6
1733776026,35885644.0
1733795208,11726907.8
1734310781,19917638.4
1734582169,24264126.4
1734610823,14518870.6
173573447,31353614.4
173647205,18639642.8
1737493119,16915134.6
1737760647,36727537.2
1738729842,9213657.6
1738967219,21341519.4
1738991450,17362413.8
1739556474,19528023.8
1739584326,18143395.0
174001793,17399941.6
1740283876,16279561.8
1740565995,21709658.6
174076851,32407741.6
1741159826,10235067.0
174155475,16901180.2
174184608,15682824.0
1742363378,29753357.2
1742514145,20438757.6
1743573729,32161049.6
1744174750,19798872.8
1744744506,17886449.2
1744862080,1484557.8
1744933255,1464682.0
1744988968,29222915.0
1745355323,17685325.4
1746134419,29528794.8
1746205662,22470103.6
1746480690,27738190.4
174681942,15000668.4
1747359878,17786922.4
1747440698,25579205.2
1747514957,24291690.2
174755973,28865844.4
1747991270,30907909.6
1748875356,28716563.6
1749369404,20350062.0
1749413028,24555764.8
1749570880,22019074.0
1749901723,30396667.0
1750361100,31479863.8
1750688026,32149344.4
1751225823,28889051.6
1751297926,11829109.0
1751360072,12592471.8
1751861795,17073841.6
1752012044,22295997.6
1752158034,29707186.2
1753654937,20619645.6
1753782694,24173023.6
1753948023,21662755.8
1754306705,17124106.6
1755124940,27503222.4
1755381255,25055654.0
1755781698,34544376.0
1755937906,20137394.0
1756532483,8409922.6
175656364,4370614.2
1756847193,31298395.8
1757611801,43435763.6
1757615130,30946260.8
1757782121,16168469.4
175810421,34888239.2
1758285759,20884018.8
1758659969,27281544.2
175893382,20899022.0
1759043869,18216278.8
1759210199,33032232.2
1759931361,32895758.6
1760235933,17761757.8
1760653534,27590633.8
176086997,23550251.0
1760886126,17387414.8
1761570399,21894619.0
176160971,24300124.8
176209287,30689387.6
1762247308,32319077.2
176230486,14985295.8
1762541807,35207100.2
1763128315,18077843.4
176524368,31483215.2
1765356109,24281412.8
1766676095,30975454.0
1766869024,27533617.6
1767003035,26591232.0
1767129245,31480281.6
176793362,26313252.6
1769819935,21032355.8
1769830256,11752363.6
1770249214,30418552.6
1770453587,20822454.0
1770479433,43564584.6
1771457699,1618867.6
1771970232,13343374.8
1772005623,26005649.2
1772142112,3848271.8
177224827,22368543.8
1772558965,18666931.2
1772905707,14386951.2
1772961341,24992073.4
1774178760,11873285.8
1774865955,18958954.2
1774928274,28287023.0
1775694000,27361407.0
1775977748,22381637.4
1776545354,17451021.6
1776661682,17881975.2
1776689049,25408204.8
1777078655,19065634.4
1778033056,36330651.2
1778564935,35139376.2
1778817952,6437827.0
1779027136,6530178.4
1779441152,21106700.6
1779587613,2619242.4
1779729821,22624349.8
1779752448,15919373.2
1780106336,30330281.6
1780897562,32603669.8
1781549871,14883252.0
1782750702,24680959.2
1782795742,21358063.4
1783211610,29729625.0
1783361279,18214883.2
1783927062,19208519.8
1784003284,21121536.4
1784303360,12524980.8
1784875135,22538969.8
1785337401,15612573.4
1786596222,29851356.6
1787322521,7140558.4
1788435940,27871785.4
1788555372,28786764.8
178901494,14198671.6
1789535259,23741717.2
1790014943,16378844.8
1790767904,23698510.4
1791400073,15831073.8
1792016264,11295899.0
1792488399,19098038.0
1792515981,24544750.4
1792559771,19075066.6
179291279,18232703.0
1794355873,28296597.8
1795012208,32569643.8
1795112460,21344655.8
1795176550,31930921.8
179525834,694068.4
1795602202,26214716.2
1795606172,18532956.8
1795614622,27215054.6
1795806549,33493509.8
179584121,15380073.2
1795889126,30244593.6
1796116403,20943257.4
1796552926,15832362.0
1796828348,21300900.0
1797832781,32078757.6
1798529911,23834409.8
1798614789,2791147.4
1798699284,23856554.4
1799056940,18110092.2
1799211709,36624871.6
1799261863,21207686.4
1799326521,17345560.2
1799744991,23923957.2
180022915,40111270.0
1800749408,25269236.0
180078780,25583107.2
1800836003,23067660.0
1801474339,22345358.2
1802493796,22491427.8
1802697767,27809708.0
1803854013,30568536.0
180412483,25816682.4
1804239808,22297579.6
180435922,34764025.6
180442009,21504041.8
18045429,15524456.8
1804779174,22217813.0
1804866305,23233257.4
1806903214,18338329.0
1807997703,31363013.2
1808003135,18491876.6
1808764133,4044938.0
1809144248,31913215.2
1810962014,24609073.6
1811060976,31408696.6
1811771508,27952215.0
1812071509,16992140.8
1812302207,37371128.6
181232508,16793086.4
1812857030,25628248.8
1813254872,13135545.8
1813316595,27042962.4
1813448113,34174694.4
1814483196,25031703.4
1814641162,22640743.0
1814728524,25827306.0
1814907428,20560404.4
1814978741,7803149.2
1815447033,24936958.6
1815738315,23097854.0
1815907735,29856536.6
1816226657,39234626.6
1816660037,27982939.8
1816809145,27466254.0
1817126225,16623430.8
1817642771,26437949.4
1818420386,27637190.8
1818549757,25661154.0
181930949,31805696.0
1820536462,32701926.4
1820718918,37548947.0
1821339602,23041125.8
1821527103,22734380.6
1822328263,33073784.2
1822429217,16702985.2
1823489756,22823375.8
1824403119,1319813.2
1824838847,13746660.4
1824950572,28453440.2
1825059086,35967787.6
1825341042,21054444.4
1825350523,27052613.0
1825588312,22294762.4
1826631403,2924984.4
1826701813,18676989.2
1828751957,31155432.4
1828811427,25956165.0
1830012984,15020246.0
1830661783,22035147.6
1831067564,44439126.0
1831534866,21026326.2
1832090295,13638345.0
1832548753,20231671.0
1832562741,26910358.8
183261008,37930058.8
1832717665,13684695.8
1832960673,35456290.4
1833020166,36122779.4
1833706259,27874634.8
1835203048,18573276.8
1835351538,16135801.4
1836010798,22712437.6
1836811096,21789796.2
183681243,9894443.6
1836987260,20285485.0
1837005818,19226722.8
1837383029,20743678.0
1838044713,31445539.0
1838577064,16661236.0
1839339142,14500994.2
1839787224,23538944.0
1839914690,23311766.0
1840552452,25480444.4
1840876629,28705962.2
1840889530,22491427.8
1841041805,9170743.6
1842050033,17945402.8
1842353536,6327752.2
1842507581,27737453.0
1843103687,22769807.4
1843106667,15000223.8
184364998,20827289.0
1844114621,22668447.0
1844400215,27003379.4
1844835543,29778911.4
1845110914,26590017.0
184540592,15380071.0
1845995648,18077843.4
1846137609,23036112.0
1846591,20850798.8
1847054966,22927313.0
1847150368,26931935.4
1847339053,26531050.4
1847973982,29502062.6
1848578834,11843042.4
184881813,18688008.8
1849160248,15121676.8
1849860470,14923134.2
184996575,19623289.0
1850894199,20582831.8
1851148132,32791746.6
1851591417,15312600.8
1851830642,31465766.8
185210009,20402713.0
1852580754,22595535.4
1852779090,34937421.4
1854106784,28112774.0
1854263187,26075371.8
185435567,18711486.8
1854628310,21049301.6
185475086,28732581.8
1854908358,24028341.6
185583752,32253550.2
1856292606,27874634.8
1858051447,25743558.2
1858752827,10202060.8
1858882574,27903727.6
1859080601,12947341.0
1859470905,19893238.6
1859514173,20779826.4
1859768578,33402664.4
1859821935,16449151.8
186049934,34863772.8
1860735595,27853796.2
1860793426,15869697.4
1861136023,27618454.2
1862197689,26851323.8
1862848849,12603246.0
1862976121,21881838.0
1863667731,33114689.8
1863970879,22746958.0
1864042146,30385614.4
1864294958,24911159.0
1866274078,21392390.4
1866515652,17767817.8
1867066422,7179101.4
1867729589,28390710.8
1867792421,35957377.4
1868294914,21998719.0
1868336201,19914787.4
1869369572,18588143.0
1869661089,30060258.2
1869756633,10735164.4
1870022469,23853477.0
1870606375,12870458.0
1871098842,24559140.6
1872501987,27574737.2
1873012060,22794459.8
1873556690,3066948.6
1874406272,27802834.6
1875762520,22389693.6
1876246151,20818151.8
1876661931,3246588.4
1877377853,23596473.6
1877594152,20699002.0
1878406837,29194178.4
1878766314,23534076.4
1879757367,23387281.8
1879772258,35229271.8
1880839579,25490268.4
188086453,28685950.8
1881373644,29507403.2
1881438453,17958871.0
188165434,28250081.4
1882410793,16917230.4
1883517059,11544698.2
1883665524,34122293.6
1883687008,19718096.8
1883696145,25120273.2
1884847148,25621885.4
1886344380,19390528.0
1886769185,28692399.8
1886987043,28714930.2
1887047868,26414494.8
1887305432,26497427.6
1887367976,28309962.0
1888095791,21417415.2
1888143699,22447776.8
1888437149,30496847.2
1888442337,34239313.2
1888696517,26257933.8
1889193254,39374839.0
1890593527,20977645.0
1891418251,33238694.8
1892236371,14064071.0
1892346723,31551761.4
1892801987,8662954.0
1893376593,32816018.0
1894979055,29502464.4
1895560758,28692460.4
1895867403,25832555.0
1895879680,22597452.8
1896320158,23702114.8
1896475785,21417415.2
1896602639,34412807.4
1897117523,18056557.0
1897364457,29289250.6
1897452640,29475290.6
1897579422,18958027.2
1897942466,23182407.0
1898495626,18716774.8
189860397,24553426.6
1899178209,26385636.4
1899404884,26419664.0
1899573155,18721559.2
1899738295,30377806.0
1900560867,19009422.4
1900590714,19310280.0
1900909864,30532844.2
1901004693,27192276.6
1901036315,21818377.6
1901334447,27356258.2
1901531819,31829907.4
1903062865,30543183.0
1903089822,35083823.4
1903745145,29165231.2
1904220604,18715132.2
1904359892,15438767.4
1904612417,24749930.6
1904644745,23246459.6
1904699622,42078663.4
1906505674,23055226.8
1907477896,30901463.6
1907967488,22189865.2
1908683122,29037425.8
1908814569,23388198.0
190975230,32033345.6
1909894805,33056314.6
1910377123,31502530.8
1910683521,9982558.6
1910784588,8009018.8
1910832656,18060200.8
1910854293,28738517.2
1912467905,13749607.2
191377567,19930456.6
1914321864,32526331.8
1914600378,21972259.0
191482132,30055825.2
1915110800,36900805.0
19156896,37238747.0
1917159237,22265120.2
1917282367,20579241.8
191737931,17141114.2
1917503119,20648809.8
1917527704,7602732.2
1918044574,22094048.0
1918233778,21518804.0
1918352299,16182167.0
1918360487,27962664.6
1918520817,29021266.6
1919183481,19040577.0
1919208521,8898074.0
1919243833,21093186.8
1919329512,26849469.4
1920199628,27076604.8
1920256938,28768720.2
1920930251,20944424.2
1921559595,35317552.6
1922533431,26680426.6
1922550637,28660967.8
1923243961,27091798.8
1923526983,28386849.0
1923868997,33956382.2
1923881461,21448527.2
1924752407,22568026.6
1925307864,7396597.4
1925628019,24493296.0
1925723673,7867558.6
1926315178,25490268.4
1926564553,4112170.2
1926691886,25082505.8
1927667195,29708022.8
1928017333,26791089.4
1928560987,26239975.4
192886119,16689044.6
1929043439,28335122.2
192923676,12705542.8
1929455259,32238069.0
192955606,17485061.0
1929612636,27737536.0
1929613301,19331604.0
193086515,22541167.2
1931174724,22740096.8
1931757627,23922915.2
1932627280,30533450.2
19327705,30460684.2
1932836320,28920990.2
1932879035,19012268.2
19334151,30945314.6
1934168687,13913394.0
1934229547,29169770.2
193428884,20398125.8
1935878474,685485.6
1936159281,13391048.0
1936367122,24465457.0
1936486439,3062819.4
1937012872,23105995.4
1937517158,31393957.0
1938125537,30846137.2
1938473432,19246815.6
1938743280,21895001.0
193924465,30655621.0
1940076231,19395306.8
194039587,26221011.0
1940684810,28624105.0
1940807669,10758442.0
1941390029,22078319.4
1942383551,18852255.4
1942733658,27320285.4
1943060459,24064327.0
1943182278,23089403.2
1943373950,29971455.4
1944127807,26817550.2
1944553326,18137816.4
1944948226,17378343.6
1945020467,22608109.8
194567280,17640191.0
1945681734,17087169.6
1945782318,17239006.4
1946119606,37676798.4
1946270616,25365960.8
1946443471,21513035.8
1946515759,27819311.6
1946592059,16104725.4
1946666513,27429730.2
194694638,20476233.2
1948878169,24361466.4
1949765796,35488877.6
1950201058,22641147.8
1950973678,27966730.4
195259674,30948226.2
1952614890,28829895.6
1953501873,23066150.4
195410763,32168153.2
1955314717,8228510.8
1955432817,22272864.8
1955614886,23517889.4
1955760883,18030635.2
1957235969,17946349.8
1957304311,22828315.0
1957593320,21741602.8
1957796636,16735161.2
1958422281,29680330.2
1959519835,21450454.8
1961076530,1835679.4
1961286560,26330400.2
1961394909,21671767.0
1961765898,31130565.6
1961905320,32480772.0
1962838586,26606887.8
1962934363,22352316.8
1963232448,23814818.4
1963562520,17129030.2
1964262681,30457034.0
1964459818,18874889.0
1964629036,29841518.4
1964855818,21601547.4
1965389750,15041266.4
1965441451,20265447.4
1965723498,24978184.8
1965835461,22067608.2
1966015500,24025935.8
1966964193,14659945.8
1968196713,7063442.6
1968287716,2696262.6
1968343855,24620225.4
1968465470,18468159.0
1969167691,29316286.4
1969346241,28138945.6
19693814,30940901.0
196942129,10367028.4
1969647810,19707754.0
1969742960,30865941.0
1970380552,947924.0
1971386115,30256990.0
1971505485,669275.6
1971896441,23754269.0
1972116695,25627001.2
1972350442,26218184.2
1972765916,1825205.2
1973467302,18544412.8
1973493369,40956436.4
1973725295,31686216.6
1973757652,19648305.4
1974738442,28139548.2
1975170856,24535999.0
1976702458,20261523.2
1976957121,24620323.2
1977710546,16190441.8
1978888892,23261326.8
1978899497,28100432.4
1979431054,23570575.8
1979596579,28308666.6
1979839856,26939058.6
1979931149,22523247.0
1980120300,20009911.2
1980582945,16862901.2
1981060358,13337993.4
1981736391,3260686.8
198187683,35935262.8
1981928952,30865941.0
1982635176,36504493.8
1982908792,26306985.8
1985475842,18851852.4
1986171846,17184070.0
1986279721,29825483.2
198632987,30286857.6
1987327479,20404831.8
1987666182,29098594.0
198828595,3290857.2
198883212,29990577.8
1990048935,32495705.4
1990445485,21368532.2
1990552166,23647448.6
1990660302,1976277.8
1990984540,27880119.4
1991439490,19311201.6
199150770,33985306.6
1991834430,27753691.0
1992733806,23704228.0
1992962757,35772290.2
1993630154,23016769.2
1995224750,31988722.6
1995318007,27508609.4
1995339394,27664741.6
1996020221,28297205.4
1996236533,32449513.2
1996436465,30337960.6
1996761843,26894511.2
199677833,37019397.6
199758714,25895843.4
1998632037,23757175.0
1999031320,30401297.2
1999249396,25836291.8
1999605295,31778582.8
1999816124,1104788.2
2000347986,21284127.2
200041020,27926816.0
2000584028,24961111.4
2000902559,16874416.4
2001564721,24322667.0
2002038013,24560900.4
2002404734,28873604.4
20029600,18883446.0
2004697443,14449294.6
2005284845,3049331.4
2005287921,36299738.4
200582245,10777796.8
2005894991,18944285.6
2006608401,17377551.8
2006823210,22101263.2
2007716403,19563389.6
2007928321,29121476.4
200839985,14495712.0
2008862417,18674175.6
2010192399,18160293.4
2010286340,12234090.4
2010443578,22201277.8
2010479566,25915827.2
201055248,11989277.8
2010868700,16329494.2
2010947351,26559750.6
2012305591,14736635.2
2013387937,21537371.0
2013408541,33450549.0
2013641040,23407732.0
2014875162,23849732.4
2014992605,1974050.6
2015589007,33386355.0
201613561,36129583.4
2016361594,30371734.8
2016421842,17770547.4
2016647233,13357012.8
2017029610,17242889.8
2017077197,16788415.2
2017078937,32464000.0
2017191725,12822197.8
2018383254,32239911.2
2019233977,28061350.2
2019378960,20877347.4
2021966053,19672324.6
202371458,19674042.4
2024731284,28359147.8
2025261850,18345833.8
2026112332,12238974.2
2027572523,24046109.8
2027698248,33254919.2
2028172074,25467136.0
2028433450,29740969.2
2029121195,25848055.0
2029822552,38313293.8
2030114890,33236051.4
2030813906,26357406.2
2031334949,28779145.6
2031744734,14102956.8
2031787098,30153799.6
2032154038,4062075.2
2032277704,18875243.6
2033311777,7151608.6
2034080287,32764117.4
203457401,29392134.6
2034726326,28905251.8
2035828528,9701386.8
2036342515,35488877.6
203692684,26450760.0
2036967215,20666167.8
2037160701,28263943.0
2038024888,13506960.8
203831916,31214191.0
2038489562,23350963.8
2038722327,25572455.8
2039942615,8730963.0
2039956296,8546127.6
2040053635,28482229.6
2040063058,17506341.2
204026342,15276803.2
2040725785,20142977.0
2041026525,11346437.6
2041042967,24169639.0
2041378428,15089057.6
2041531962,31270887.4
2041546283,24255953.6
2042137471,9904691.6
2042268384,15151729.4
2042812302,21964301.2
2042918322,23799473.0
2044088860,31776228.6
2044425220,16540619.0
2044769449,31725808.2
2044857103,27714362.4
2045584134,24784530.2
2046973849,19619986.4
2047161980,26590831.2
2047751510,32536979.6
2048141973,28709108.4
2049323264,17884870.4
2049689655,25195517.6
2049878637,18804240.4
2049961097,26681161.4
2051279869,17660469.2
2051380720,31233833.8
2051419461,14868529.4
2051568929,33765276.6
2051910093,23649983.0
2052316250,23965879.4
2052740646,32518865.4
2052803958,30604039.4
2052926249,22318304.0
205330197,19873933.2
2054043392,32600866.0
2054480069,26720628.8
2054918937,10607822.4
2055241392,28992292.4
2055600383,11820446.2
2056246508,25384015.6
2057013095,14733991.6
2057025891,34436868.8
2057226721,19670233.8
2057680085,22274576.4
205794295,24416421.2
2058237724,22610928.4
2058263668,21277794.0
2058418470,34850339.6
2058509181,34292764.8
2058785060,24326056.6
2059516238,17494449.2
2061696277,29863200.4
2061764779,4655358.8
2061918698,27437453.8
2062110117,28265237.0
2062317322,21525536.2
20625318,3109853.0
2062852190,30025650.4
2063246350,16600506.6
2063674040,19163252.2
206389858,26156841.0
20653466,32451283.2
206572719,34933642.2
2065822600,22582953.6
2066854946,15981124.2
2067305346,10777477.2
2067314180,33148441.6
2067328997,20612612.0
2067336369,10219662.4
2067984481,8638254.8
2068207140,35129401.0
2068506504,24260573.4
2069011219,21953011.0
2069216227,16824438.2
2069530527,27844621.2
2070066319,21972699.6
2070460953,13788709.8
20705034,28504005.0
2070862888,16707868.6
2071108961,23173686.8
2071210973,22704965.2
2071717542,17500931.0
2071930,32006359.0
2072126984,27515100.6
2072789669,22342071.0
2072954040,18512099.8
2073873772,24082017.8
2073948542,14046311.2
2074827118,18589468.6
2075864965,14372690.2
2076240612,30860588.0
2076370422,34918359.0
2076538456,22048037.4
2076935441,16324241.0
2077327239,18202805.4
2077710984,17316702.4
2078096366,23332510.8
2078242859,27429695.8
207886353,18632343.2
2079037024,21987210.2
2079456865,26435386.0
2079508163,21369988.6
2079552949,34165151.4
2079723566,17489399.4
2079951456,18796853.6
2080261623,20993353.0
2080709222,35207432.2
2080732856,19763025.8
208106303,16175827.8
208131019,20147027.6
2081310524,12588715.4
208140899,14924467.0
2081448139,32433407.6
2081858668,28744888.0
2082076341,21671006.0
2082273024,27176823.6
2083448006,21706280.4
2084557965,26194148.0
2086128634,29698065.6
2086978827,30851529.6
2087820034,5599054.0
2088969715,33369497.4
2089270505,15767825.4
2090294173,15692663.2
209049581,26329031.8
2090552787,30326393.4
2090615912,26967782.0
2090700039,24053366.0
2091434754,20565513.6
2091456928,29450621.4
2092515389,1969838.8
2093243192,27720850.8
2094340763,27539119.6
2098523317,8113896.4
2099255300,32987184.2
2099545508,20013100.2
2099764343,13312770.6
209985028,30170115.6
209988785,31424210.4
2100035633,30972759.8
2101096113,19722367.6
2101205247,27307398.2
2101483319,16513408.2
2101664526,17589011.4
2101914095,877421.8
2102079746,29200960.2
2102366851,2632622.0
2103009098,19452594.4
2103433447,29725957.6
2103497377,21092970.4
2103793743,12588715.4
2105023395,29051403.2
2105609701,22656231.2
2105852286,27317268.4
2106338108,21263844.2
2106363286,4020427.4
2107068530,17153621.0
2107751377,35271708.2
2108745085,32847923.2
2109000188,23144699.8
2109035625,28948709.4
2109045312,3587991.4
2109398679,19442506.6
2111011766,29291418.2
2111453379,29053543.6
2111464986,8314764.6
2111587424,8349737.6
2111802125,31793658.6
2112694084,19322950.6
2113049479,23656291.6
2113087131,25863926.2
2114051470,31499349.4
211419569,27438923.0
2114376954,10857386.6
2114491672,21267527.2
2114709216,14013676.2
2115425991,17636227.2
2116022538,25172627.8
2116880369,23342563.6
2117564801,16351855.6
211801886,19758828.2
2118180017,25692596.0
2118316109,25247766.4
2118640537,19781637.4
2118733191,15835623.0
2119153068,36289339.2
2119226014,22407139.8
2119980654,21440300.8
212007592,34737630.2
2120169420,26439855.8
2120273955,17747189.4
2120934695,32655147.2
212198464,11105874.8
2122402736,33187917.2
2122859891,8350361.0
2123127162,33499975.6
2123322342,22341820.0
2124443830,18639655.6
2124458115,22596713.2
2124576311,21977549.6
2124669217,20120653.6
2127422643,21369988.6
2127467089,20729093.0
2127528282,14540067.6
2127547586,10475459.8
2127805188,21500272.8
2129202465,27823402.8
2129738903,21766854.4
2129899467,20844810.4
2130405130,16394634.4
21304149,1584992.0
2130486935,22596713.2
2130499839,25223333.0
2130505106,22279744.8
2130540228,19832200.2
2130632982,18823758.2
2130926757,28946798.6
2131475928,23622860.0
2131992792,24635673.4
2132437848,38584623.6
2132892694,25194543.6
2133156473,27321020.2
2133241779,10031692.2
2133326148,18679033.6
2133393237,32017529.2
2133535615,22281717.6
2133808067,30929615.2
2133970291,34358889.2
2134232057,23011025.6
213439290,16356518.2
2134733467,21658407.2
2134844617,34086448.4
2136033932,18023337.6
2137801371,35271708.2
2138253674,13073495.6
2138914806,31398918.6
2139225250,28368825.0
2139587024,20891982.6
2139860001,24367218.4
2140015263,18411550.2
2140378160,32987184.2
2140411487,20640480.2
2140509127,15770173.8
2140731938,28127595.4
2140990861,18540755.4
214183849,15626931.4
2142835830,33620227.6
2143227248,22292827.4
2143457307,16070446.2
2144701601,23639903.0
2144756834,15760471.4
2145274131,17595063.4
2145499088,27903465.0
2145859440,24946639.4
2146132452,30577498.0
2146270165,23529888.4
2146361020,17212132.8
2146908755,24561347.2
2146939378,3279224.0
215856971,34205711.4
216001876,17148286.2
216551209,11928988.4
216780206,12823223.4
216963205,27441650.8
217060082,16937088.8
218199743,9024979.8
219469142,24942261.8
220743032,21604084.0
220782474,39481943.2
220865871,22012625.6
221683713,30863801.6
22262023,28084516.2
222945080,26318057.4
223455906,28263957.0
224267098,31754501.6
224516504,22862691.0
224757189,36229613.4
224845179,27106246.2
225991333,18379269.0
226501251,35757299.2
227106626,34640020.8
227975390,27394496.8
228030886,28331310.2
228045242,27918205.0
228274737,26159162.2
228392309,21958819.8
228916106,23465670.4
229006242,25435361.0
229047052,13956003.6
229113738,15630240.6
230135526,35053186.2
230326934,26175992.6
23103344,26251696.2
231298651,30045503.2
231533417,34427164.4
231743972,30243702.0
231930234,30133895.6
232027407,21307591.0
232805623,33559539.8
233438004,31753638.4
233565853,16753845.4
234192264,18944576.6
23586750,20884081.4
236710499,25338385.6
23686776,7455069.2
237474395,19840722.8
238199192,24572416.6
238539977,35845908.4
238681160,12007857.6
239640082,24390086.0
24054496,28342257.2
240960814,39767321.0
241063640,33424475.6
242542221,27031232.8
242767402,26068619.4
243508913,20408043.6
243573371,30490273.0
244400081,30817722.6
244529517,21759812.6
245008472,19743541.6
245136573,23238526.6
245467192,31428965.6
245588037,3963318.4
246630780,26585731.4
247145135,30693431.8
247235728,32834408.4
247613560,24484933.6
247768640,30688947.4
247938980,25287895.0
248492702,29773377.0
249351045,36202088.4
249366252,19922504.8
249763292,3311261.6
249780770,27081514.2
250428502,31224441.4
251228922,9406586.4
25177348,27860933.2
251831841,26784541.6
252693566,30254612.8
253583470,28895243.4
253775072,27569306.4
254682954,31096903.0
255656520,29818196.2
255881649,36017071.2
255901688,19072310.6
256217037,1019034.6
256617664,35099276.2
256946052,19045773.4
260069838,24937130.4
260105364,32428377.6
260131815,31391838.2
260346949,18412316.8
260955881,8385231.4
262214459,35602539.6
263366519,31089627.4
263469624,23931483.8
263984874,2071172.4
264448990,24671458.8
264664705,36897058.2
264716265,25747610.6
264738263,27670022.0
265465161,23358651.4
265623066,19427388.0
266316518,19500987.6
2666652,20402713.0
267434407,24787184.2
267858759,21015023.2
268136318,13119778.2
268716817,23911770.2
269248670,38995449.2
26933231,10241405.0
269914904,15305403.6
270906952,19433146.4
271408873,3323840.4
271413633,32887444.4
271573574,33638668.4
272101269,29918583.0
272158141,36289504.6
273595483,28797071.6
273648163,25006283.2
274128360,24606988.8
275262683,25755278.4
275982455,22522444.8
276179308,22125127.4
276982395,23592965.8
277248385,21007877.6
278039129,27389131.2
278590045,31593989.6
27870347,28576467.6
278871356,17722528.6
278982021,27485319.0
27926562,34063964.8
280180078,19708685.4
280699977,12731901.8
280847504,24558443.4
281177678,19187826.4
28150401,23519447.0
281514878,40677244.8
281571243,32253123.6
282045677,31313764.4
282077332,22900852.6
282090531,27891586.2
282122041,28497169.2
282236366,21229934.2
282630295,27413163.0
282861389,32253123.6
282897271,26138864.4
282976212,24692713.8
28315401,21065327.8
283313652,22166034.4
283815234,1089012.2
284641506,24541864.6
285946155,35596249.2
286348387,22493097.4
286686392,29039279.4
287346123,25948656.8
287348519,21360991.6
287364787,29360692.2
287469856,13878498.2
288013742,18846501.4
288067094,37128447.0
288431696,21901620.6
288840453,26729135.4
288914088,34370433.6
288954511,28163907.4
28922321,23403596.6
289401335,25907048.6
289916724,35749255.6
28997795,685485.6
292421346,30099158.6
292816482,5678212.4
292905699,20921221.8
293116393,26336987.0
293149344,34153974.2
293321906,33936711.4
294794256,21120428.4
295121444,17194093.0
295591342,27903937.8
296003783,29958943.6
296298437,13572330.8
297592436,21018353.8
297698604,32707961.2
298103383,8001846.0
298105681,10839783.4
298411266,12473558.0
299780207,3582277.4
300148624,22205681.8
300368947,15428067.8
300717475,26101206.0
300891897,15262459.8
300943209,18834360.6
301033616,20189155.0
301122706,32916511.0
301218412,19812737.6
30166674,35643771.6
301803983,16676739.0
301919813,22415767.0
302498114,23219173.2
303097019,28812859.2
303194240,32552452.2
304029996,16736957.6
304129540,27031232.8
304163639,35015790.6
304283775,19370470.0
304522764,15969842.6
304573399,35938336.2
304850754,15519150.2
304892356,33960256.2
305204931,31117404.0
305568906,35226533.0
305621118,17962290.8
305786144,22757551.8
305837928,11589202.8
306864913,33440785.8
307243855,30389953.0
307316422,19580346.4
307457033,36006031.8
307647822,29322478.4
307670221,30389953.0
307741861,36475668.2
308682858,20211039.0
30955620,23904160.6
30999662,24707207.6
310035446,28605080.2
310353509,23293591.2
310568336,6551562.4
310775796,33863622.6
311107634,31705032.6
311504505,33007669.2
311826249,26437104.4
311995776,34188612.6
312736365,23702329.4
312941568,25894632.8
313964120,36033189.4
314163505,6173729.6
314170744,28659385.4
314633532,26182912.2
315129893,19397985.0
315134007,23552300.0
316499886,23221545.0
316603753,20596057.6
316627171,25152536.8
316895145,24384282.2
316912604,28243868.8
317350729,33792289.0
317440703,23263513.2
318470911,6116931.8
318487088,24700721.8
319452057,11963226.2
320002238,24204416.2
320022328,15957268.4
320094880,16375500.6
321281603,35003693.0
321543978,17951209.4
321906603,15749941.4
322954553,30711025.2
323620345,21734525.8
323702308,21814456.8
323924461,33073350.4
324103039,21349046.6
324748150,39769436.4
325001188,27728537.6
32512316,36628513.8
325697320,16476343.2
325942881,27031232.8
32638361,19847337.8
326818048,19543036.8
32792883,23603982.6
328865892,16780851.8
330277271,19662512.2
330466807,16730703.6
330789547,31783266.0
332174626,20775087.0
332746748,30030621.6
333206388,21705412.0
335398362,15314062.6
335755738,21497886.2
336213069,13370927.8
337507689,24700721.8
337756045,33536718.8
338149793,35592682.8
33817177,37803055.4
338607032,14049080.0
339032264,17803326.0
339846368,34392645.4
34060202,29432291.0
341050644,20595715.0
34164562,28747589.4
341672973,20088876.0
342230662,25765358.2
342279873,34155948.2
342322253,22851212.2
343945736,15735416.0
343985399,2844590.4
344335909,19984255.6
344640432,25974823.2
345181085,21042978.0
346983698,20691554.6
348481867,39736698.8
348486495,26683460.4
348660340,10624024.2
348876771,17912353.2
349291703,16907402.6
34931189,831946.0
350119945,27150046.4
350527067,25555918.8
351331050,8751862.2
351482320,21982705.0
351509644,15711584.0
352695344,23546740.2
354187699,18218153.8
354191963,19330589.6
354269196,32108948.4
354877396,19208006.8
355535938,29676747.6
356431921,11818853.4
356854390,28381212.8
357382324,25272474.0
357626827,21082517.6
357789168,1303507.0
358151918,7493430.0
359406630,32865347.6
360262154,22318075.6
360361183,31392188.6
360656492,27699098.2
361671709,21099766.0
362806359,17980344.4
363125294,21844026.6
363631303,23255682.2
36365027,14041620.2
363685327,16726925.2
363885653,26214901.0
363936828,22528412.6
364274381,19301329.4
36450259,28411694.2
365546944,16652718.6
367028683,25338075.4
367214620,13813996.2
367264529,23263427.8
367278065,32943456.0
368363452,16551868.0
36849759,23320707.8
368670844,13742529.2
368702529,31839073.8
369856026,26616074.4
372742618,1234082.2
372844561,15994538.4
373178867,18543700.2
374132339,31206360.8
375594805,30868590.6
376246033,31760966.8
376672412,34411263.8
376706522,23830248.8
377237175,29058277.6
378114405,19621977.6
378248729,19668459.0
378355474,13540762.6
378470871,33901952.8
378616992,21057243.4
379022420,30729728.2
379210074,26335682.2
379631415,29979470.4
380038502,991629.8
380069021,13813996.2
38058221,26820350.8
381232081,22696428.4
381934185,24379168.2
38227338,16111001.0
382646453,36293403.6
383059897,28955111.4
383842691,19340588.2
383951014,23324724.8
384755092,37717347.0
386442102,18444618.4
386995963,16727130.0
388384605,32323401.8
388529663,25101920.6
388927603,31323874.2
389079613,21404604.0
389189559,20031929.0
389254541,24307521.8
389284421,26258529.8
39008491,26553165.4
390643792,29353020.4
391234021,22098055.4
391889473,25275790.0
392270446,23269997.8
392708749,17842467.2
392842694,20347039.4
393075721,24387311.0
394827898,25870073.2
394845623,19359279.6
395308430,30161204.4
395409620,18786877.0
397127294,28575571.6
397595362,16855344.2
399014201,30739884.6
399832716,25036919.8
400220959,24358660.4
40045420,30596715.0
401398778,25334323.6
401755902,29952369.0
402245791,34732303.2
402646525,21512691.2
403059334,18011920.8
404368978,28975767.6
404418984,20483967.6
404538868,22737558.8
404990617,9674786.4
405613802,28305070.4
407459979,25927088.8
408452495,37075177.2
408794176,33105426.2
40908491,24388834.6
410025588,25134251.0
410510944,3473882.4
412373157,29692715.4
412526212,19235011.2
412881160,13841056.6
412948933,16572746.8
413268740,30956723.6
413730725,33216388.4
413990424,4095720.0
414737101,18619392.6
415257955,29488672.6
415940645,33606059.2
416377386,25246228.2
416906269,27660771.6
417104543,36877173.2
417535915,23465579.0
418024334,25669511.2
418275877,12913865.4
418350263,24889605.4
419460828,31663728.8
419900140,27088529.2
419979587,34403068.2
420519707,24251611.2
420627635,22929241.4
420650664,28754429.6
422246855,19772449.6
422675999,20297997.6
422894796,29860762.2
423141445,18509806.4
42323522,5525214.6
424045889,29280948.4
424555504,32345674.8
425415049,26611072.2
425567041,30265078.8
425888815,29237691.4
426907115,27900583.8
427149670,15878289.4
427375210,24464609.0
427429721,17389745.0
427760151,26629208.4
427763429,23517630.2
428917687,20811592.4
429308347,34757961.0
429491430,23105680.0
429578330,13782296.8
430621156,13975576.8
431034914,26780120.4
43112697,21761589.8
431878192,28179151.6
432241754,25032175.6
432516399,19323823.2
432684208,25150617.6
432695730,28462209.4
43303881,6252996.2
433865661,26901878.4
434370668,27899694.8
434636426,11975146.0
436769483,29307468.6
437473914,32939205.2
437665247,34374834.4
437938824,30704212.4
437950948,33342150.0
438232368,22049837.8
438633294,24151213.6
438903606,27760399.8
439219669,30883212.6
440363470,25337915.2
440655160,21109061.4
441283925,18880893.2
441960828,22661258.8
442434310,37264449.0
442489148,33380209.2
442563989,24062385.4
442797407,25965541.6
442836719,18348302.4
442994108,20624867.4
44324029,13255452.0
44341278,26361298.2
444244451,17440136.2
446793155,8447911.8
447033565,30696705.8
447327858,19106512.8
447513558,26829964.0
44819727,27313723.4
448346626,21981683.8
448593480,25753143.4
449023004,28073474.6
449223774,25569997.8
449274025,23482284.4
449283120,28137973.6
449385871,27965570.0
450538314,32013783.4
450769375,23379687.8
451860145,23092957.8
452493012,12734207.8
452805029,35493816.6
453584379,26041260.6
454253941,26380071.2
454301633,11441052.0
454576310,24894280.6
454725769,25614215.8
455448902,22053333.2
456206820,26293178.8
456580358,15374231.4
456916377,26608530.6
457792259,20124281.4
458349901,11214679.6
45843121,21643327.4
458682370,12359491.8
458941360,23257418.0
458968879,24044809.6
459947164,29860762.2
461089143,15461711.0
461487257,23309507.6
461558258,19809088.2
461597069,24802884.6
462951203,30465726.8
464978165,31935330.2
465297287,28985441.8
466159944,29974163.8
466902104,19088210.0
466909708,10723347.0
468372015,18434607.0
468381762,25808117.8
468941511,9486671.0
469128429,10363463.2
470133493,33611929.2
470215356,26260531.4
47093571,35444751.0
471581397,14678622.6
47158458,14055777.0
472246049,17050229.2
472401236,36459219.4
472434486,3314970.2
472813142,27640183.8
473014096,20568846.2
473576430,33899594.6
474052134,21375618.0
474206182,23872971.4
475130215,19218937.2
475779483,41071167.2
475937957,28173946.8
476248197,21567978.4
476753180,28020247.4
476804737,23382007.8
476919016,32430144.0
476948252,39994123.8
477007410,23715884.2
47732956,3926043.0
477689927,15819551.6
478593354,1564244.8
478674114,23049216.0
479177652,20973294.2
479326775,13186201.8
479884803,34066757.0
480158197,18321733.6
480461629,27494539.4
480851597,20655616.8
480956393,12745926.8
481605746,34374132.6
481920571,25122614.6
482243145,13166024.2
48233383,31482144.2
483459962,20354315.0
483753975,35427982.6
483812676,2345748.4
484975664,20784187.2
48536127,15596978.0
485444965,34017032.6
48604513,15143666.4
486128668,23049566.0
486898239,22331416.0
487429030,22103489.2
487623440,19709211.2
488408476,23441805.0
488815657,22817909.4
489039620,19616882.2
489348120,32027683.6
490689404,23410862.2
490760531,23283100.6
491048514,13511931.2
491238797,15274896.0
491413869,27954431.4
491865397,22211389.6
492142597,26621128.4
492680743,29862345.2
492771066,26399520.0
492985141,13422838.8
494759191,24475792.8
494843479,33067906.6
495316407,23148218.2
495434233,26118388.0
496695416,35481972.0
497245670,29033805.0
497728530,23917927.0
498147140,34948937.6
498494070,13984845.8
498590214,21387055.2
498872341,24609864.8
499074363,8667578.4
499157490,28185242.0
499179247,32878216.8
499395470,13517182.6
499404548,22317237.2
500591180,15198646.2
500834016,36211438.4
500838646,17903789.4
500975214,16654699.2
503441159,31459640.0
503702552,7548022.0
503921694,35043708.6
504043833,25614215.8
507197174,4142983.8
507366193,40991698.8
508758258,13915864.2
508784611,30754542.0
508834565,33262465.0
50889432,23159896.2
510056497,27302973.0
510076208,18661059.4
510801802,20083504.2
511217945,35365851.8
511978994,13137016.0
512339405,22130645.4
513129972,22532122.8
513181,26256486.6
513363441,25675908.2
514855544,17154251.4
5149608,23159896.2
515383914,25985914.4
515581783,25958745.4
515955469,21100906.6
51604518,19173443.8
516212556,1382856.0
516272311,18241704.0
516943132,25218281.8
517946260,2411413.6
518387988,22717953.0
518528051,27752373.2
51938320,42583766.2
520609728,22864999.8
521169190,3615528.6
521769547,28856691.2
521955696,3471495.4
522506128,19298717.0
524273030,16102234.6
524416580,10644815.8
524875318,19525692.6
52519852,11332383.4
525412783,17860903.0
525698425,9073040.8
526399726,35315213.2
527014367,23423336.8
528493944,26621238.6
529252801,24599897.6
529290872,8138409.0
53046710,20826136.8
530966621,15638785.4
531058980,27222656.0
531781161,20243882.8
531833319,28221043.2
532118845,26769944.6
532286234,23928345.0
532826709,21560482.6
532904300,38257700.0
532994678,28571945.2
533290300,16984305.0
533439948,12547174.8
534143403,19428839.4
534154371,18464354.6
534264240,16436918.8
534381862,21337889.6
534843393,25867917.6
535680745,21993960.0
535962290,22913727.2
535998076,33239343.6
536501947,34847299.0
537064740,28803042.2
537294086,22152230.2
537373123,27091430.0
538188739,1331461.8
538605063,18549418.8
538653112,13178943.4
538906942,28860199.0
541504439,37324711.8
54168867,22606074.0
542442356,25642559.8
542526038,29555348.2
543051407,33608296.8
543505888,26915634.2
544050502,30023820.6
544055958,25752247.8
544830679,24397403.6
545413269,22157017.4
545603396,22296537.4
5460203,26681365.0
546241772,11586243.0
546261150,7461066.6
546523809,30041611.0
546732136,26024742.4
546765944,4548732.2
546825827,21809425.2
548607382,37384738.6
548625967,32317437.8
548700542,28373974.0
549415380,16140528.0
549593830,13041943.4
549721982,27998159.4
549832738,24649038.2
550441831,26965711.8
550557709,30203054.4
552039724,1186589.2
552100552,33216508.0
552391057,14478254.4
553195805,34760633.0
553439372,26062177.8
553506034,37972795.0
553843296,23864370.8
554572745,19199619.4
555004313,26789202.0
55510975,31813654.0
555289764,25736730.6
555901035,18250393.2
556026510,3485393.0
556516545,24663255.6
556592677,23843960.4
556944814,22072112.8
557080555,39240748.2
557646072,19093295.4
55911496,32030335.2
559180520,28222788.0
559298877,23667979.8
559964053,24897590.8
561703237,38075983.8
562556875,1074955.2
562958468,28793545.0
564399178,23997902.6
564480285,35329682.4
566240925,7410925.4
567177481,14828121.0
567355690,23634130.6
567814647,6731659.2
568216823,23030106.0
568239235,16206144.2
568456876,33886798.4
568541879,19151624.8
568789502,35786778.0
568820139,22672959.4
568873521,27972690.6
570031313,19355833.2
570052095,25298481.2
571279585,27809526.4
571683257,30899766.2
572276102,19617585.2
572834672,28545321.0
573514854,19071568.4
573622041,24386444.0
573797974,25091834.8
574634448,10523413.8
575305125,21456125.2
575355164,16279765.8
575452180,36300727.8
575596751,11484262.4
575900990,34752105.0
57603686,9254142.4
57616041,28853709.4
576438967,24681005.4
576546552,36654892.8
577073669,16389778.6
57764839,29741557.0
578812738,29701798.8
578841005,13800037.0
579307667,21282375.4
579683001,13628932.0
579908624,30472985.4
580262567,17648932.8
580272496,30103787.4
580830667,23667979.8
581069262,3606431.8
581397504,28373464.8
582268580,18339524.4
582324215,22746674.8
583276025,35513131.0
583304572,29427814.0
583411418,26025249.6
584164925,18990502.8
584192319,28162139.0
584416994,29527338.8
58579165,15284992.4
585908475,42859891.2
586194492,19840765.6
586537093,27606565.2
587453041,18162023.8
587851618,16287994.0
588051961,31609191.0
588264306,1080450.6
589943737,20625430.0
591305551,19409616.8
591342465,39101231.6
592111721,29730424.8
592144195,24307408.2
59231274,18964242.4
594786934,25275734.2
594908465,31432084.6
594981586,9338503.6
595194132,33494794.6
595336840,16496833.8
595477621,6325192.0
595546291,32209027.6
595939459,30328830.2
596031245,11775224.6
596775154,38298748.2
597191221,33512938.2
597690122,34232771.2
598097609,33724935.8
598266613,17671943.8
598730912,22357141.8
598772021,25639771.6
599036077,28196193.8
599292128,34175149.8
600168324,18658428.6
600220445,4238071.0
600983434,23661886.0
601506140,14597316.0
601524801,9192309.2
601755218,35864551.2
602020124,20599566.6
603314,22004241.8
603776126,2049892.2
603946477,34518584.8
604357728,23486650.2
604747875,31451723.8
605498975,2022348.0
606267992,9583122.0
606591990,30874288.4
60701054,26383403.4
6070985,25538383.0
607490432,24013901.8
608666976,26608208.4
608936534,38016240.6
609071379,30948312.6
609192146,29928353.4
609526992,22908651.4
609557927,33267560.2
609963923,29357814.4
610270417,22892104.6
610309719,21344989.0
611606940,12310187.8
612043874,23833865.8
612447943,30993167.2
613184619,23998347.4
613886312,18650771.4
615812936,37594839.8
615891154,17391879.2
616199251,27227076.2
616719593,19510549.2
617255708,29559499.0
618147871,21403532.0
618682872,30854134.4
618695913,22776547.8
618818301,29977064.6
619331058,35161764.0
619379482,32318488.8
619819375,17981860.2
621005356,39022348.2
621097518,32279137.2
621561921,37501536.0
62166521,28055892.0
621829524,34156691.2
621938105,27203230.4
621992624,19714780.8
622676850,17614026.0
623083505,33334692.0
623230167,28562683.2
623595783,20129463.8
624917154,31719761.4
625038024,21410390.6
625142129,31539604.4
62532222,20014335.4
626164144,20970496.2
626322376,23719865.4
626866590,26567386.6
628213771,29187641.6
62835317,19198260.4
628631743,18705341.6
629137203,24654672.2
629568545,3367753.6
629707946,23657840.6
629966482,17716879.6
63085880,30537519.8
631780725,35381614.0
63240694,16859880.8
632638065,9372566.8
632676084,27815149.2
633652522,17598104.8
633779249,29182214.2
63379920,25446845.0
633838860,18105686.8
634083504,34815197.8
634331045,34260857.4
634354320,31501052.0
635316564,24763310.0
635426720,21826554.8
635576099,23210962.0
635695132,28317353.4
636515419,27218650.0
636912378,31916991.8
63715701,20195152.0
637157127,24554736.0
637677312,28826465.2
637794067,31030080.4
639095842,27110253.8
640300977,32852715.6
64040346,22239686.2
640559732,14842059.4
640672904,18388444.2
641136684,28722831.4
641168964,25038362.4
641289516,28742134.2
641388477,23639783.8
641552330,39101231.6
64168627,26881414.6
642177912,9088447.6
64297561,2540702.8
643179124,12505110.0
644409709,31120162.4
644635974,38583839.8
644687888,33176462.6
645145248,30537519.8
6452624,2289518.4
645591425,33532993.0
646472471,26971976.2
646717244,10696737.6
646778392,26668257.6
646934273,32398748.4
647183864,26903079.2
64719838,30449327.0
647980942,28684841.8
648106838,16401302.2
648501807,15912969.4
649226890,14342363.4
649714233,14734425.4
649888360,22602019.6
650067382,21322778.6
650228140,30281734.2
650427189,24567908.6
651126788,22479580.4
651332647,20366278.8
651409426,3375807.0
651789852,19407437.8
651834084,33615454.8
652598093,8797601.8
652894953,20015974.4
653299017,19839518.4
653777184,28684841.8
654776229,25011005.4
655037286,22423594.4
655716117,20885962.0
65575584,29431269.6
655843296,18487731.8
655846883,27658181.2
656267377,35323513.4
656829103,23451364.0
6577398,24213500.4
657828865,24407847.8
658099461,25438348.4
65823859,25330875.6
658783371,27635184.0
659200008,29446335.2
66007241,25489767.8
661349045,22846234.6
661440419,26873153.8
661668096,23741823.0
661709272,8742822.2
66198672,31432654.8
662131474,18615836.4
662882349,18052668.0
663287084,13863061.6
663459205,21615974.4
663744558,2808775.0
666305087,1339068.4
667097243,2232668.0
668395393,33433417.8
669333382,19283656.8
669539950,27459510.0
669797783,35457822.2
669809445,16603797.4
669860014,15103033.8
67001123,13925195.2
67089566,33535207.0
671513959,27057814.4
671954941,32651109.0
672285731,24752730.0
672998055,23327928.2
673964391,33182814.2
674012882,26905001.4
674198779,36628650.0
674901639,29390334.8
675261564,30048885.0
675814457,18247247.2
675845523,24151256.6
676115435,13209640.2
67637654,15694876.8
676663859,22624631.0
676899080,28171536.0
677328589,21143983.6
677521913,9269353.4
677960831,25527729.0
678069085,28319640.0
678082835,22204461.8
678169850,23540433.2
678175964,22501803.0
678646361,10167320.2
679074896,34078309.8
679097441,25237499.4
679487700,7450403.8
679745839,21278715.8
679999868,32318052.8
680130950,25289512.4
680255437,18460645.4
680492354,30224670.4
680576870,26052383.4
681419015,39314546.2
681597161,23802145.8
682307156,33628365.0
68252733,9534687.2
682559898,38778206.2
6825894,24578599.2
683147984,17866482.2
683189731,31176159.8
683713036,23157188.2
684012682,24763310.0
684459129,31000642.8
685475461,26715084.2
68554865,27624389.6
685963584,27278281.8
686204475,12272313.0
686319781,29582617.6
687579699,21781349.4
688439289,27560285.2
688474018,15516472.8
688646840,28499474.4
688821677,35136731.4
688863755,25560825.2
688885485,22292705.6
688936958,22569714.6
689182004,8488515.8
689432564,19136028.8
689743728,20343076.0
690003543,13919599.2
690023172,14144163.0
690122198,35939417.0
690511200,30144555.0
690551821,36620670.0
690757040,18464798.0
691610647,25606119.6
691651457,991173.6
692506393,1011614.2
692866315,23868914.2
693331752,26841194.8
693711777,18899445.2
694078395,17025707.4
694445719,31021537.4
694533411,19726191.0
694853998,27034089.6
695289901,28611788.2
696135465,26450214.8
696439511,32871470.6
696971052,31214838.4
697134733,35222347.4
69736057,20575628.6
697387932,35589743.4
69792430,29460764.6
697929895,5847886.2
698305523,18476153.8
698836059,21438000.8
699219439,21882698.8
700065514,20432147.0
700212925,24106396.0
70034994,38385171.0
700653041,19555279.0
701259694,21625191.8
701856954,11167210.4
701894096,21477389.8
702021179,9758356.8
703054059,25904329.2
703643179,11799854.2
703680106,31139887.8
703995178,24248395.0
704032501,21384621.0
704346315,18469600.2
704532147,1869072.8
7048079,15982298.6
705071426,19905212.6
705698742,16631424.0
70572268,17580218.2
707495147,1822949.2
708135369,40285471.2
70904939,29000135.0
709190899,26595746.0
709906232,28285950.0
710112502,14486787.0
710643716,22901471.6
711765596,26832161.4
712274610,27542381.6
712724986,19221891.8
712763144,18487731.8
713185402,28982203.6
713667596,34574553.0
714430338,26852195.2
715091350,22466884.2
716144663,26207148.2
716913886,15290428.2
71739210,25152035.2
717475057,25580692.2
71759446,1967119.2
718033664,35569582.6
718200870,30119911.2
718462915,8483688.0
718644391,22580770.4
718703605,26583503.6
719416315,7960361.4
719781230,34849353.4
720228169,13835853.8
72051814,19411296.6
720575698,24163179.8
720741430,1506538.0
720753525,29948432.0
720890684,23084619.4
723428785,23164354.4
723952442,30672935.4
724373652,26575560.8
724659721,31384434.0
725048491,34544711.8
725076297,34514182.2
725374042,38816358.6
72574795,20488847.0
72651203,21010148.6
726757584,31105027.6
727492101,31307014.0
727532359,25451265.4
727859248,20795870.2
728177222,21769772.6
728388264,17120383.6
729067389,14275204.2
729423060,1565549.0
729870090,33214841.6
729979472,10057385.8
730012471,24532695.2
730035178,26757150.6
730414813,27483431.6
730474221,2062415.2
731705412,906469.0
731902458,25773700.2
731906543,36533691.2
732023304,14382461.0
732107641,29705020.2
732559655,29992825.2
733163436,30795710.0
733637167,14204321.0
733988337,20584484.4
734437203,30137989.6
735284814,11390036.0
735457649,22480312.4
73583691,17720226.8
736819201,27775013.2
736964441,22085926.8
737027380,38071981.8
737567375,25012272.4
737743331,25488588.6
738046711,26815537.2
738159093,27341278.4
738483658,21253196.4
738623702,19947275.2
738756568,20236960.6
739040077,26912499.8
73907393,33084533.8
739467017,17368599.6
740319411,27274590.2
740985437,18579972.0
74103433,17142008.6
74177304,39786643.0
742086401,40572030.8
744216431,29149199.4
74444849,25796102.2
744889747,27791157.6
745933123,18090940.4
746150472,26953038.4
746747513,25370214.2
747070761,1004897.0
747235420,26010176.4
747509362,22238045.8
748685049,27553798.2
748798953,15095732.4
74950304,16871798.2
750535553,24551511.6
750917663,26154678.6
750996880,18058052.6
751048458,26380616.4
751935661,26623674.6
752550623,18549797.8
752696336,15164769.6
752996947,33449640.0
753004280,16994452.4
754062892,31017573.4
754268958,25578479.4
754417738,26791176.6
754595580,35723274.8
754607970,25033354.6
755831031,29533212.4
755881810,2173943.0
756112127,30580102.8
756127189,26541536.2
757144677,33596777.4
757508939,36181598.6
758202509,32171684.6
759435064,19224745.6
760049256,24725085.2
760116913,29900475.8
76063161,807368.2
760981960,33670843.2
761124805,23325076.2
76138463,26881104.4
761400898,34521635.4
761490111,16475182.4
762074361,31662248.0
762505241,32237667.0
763136378,20833059.2
763161946,29173593.2
763714603,32106207.6
764791627,23528081.2
765529516,17108925.8
765605236,29594362.0
765692781,34046582.8
76652896,25020945.6
76666549,19735393.6
768188637,31446426.8
768285401,30554473.4
768347073,23929586.0
768372906,33501328.8
768648619,24839992.8
768694864,32050166.8
769093074,26157331.8
769248851,15673141.8
769664033,19377200.6
770099985,29119652.2
770118099,26786619.4
770614342,25204916.0
770662295,20939005.2
770848302,29423400.8
771107814,22466942.6
771516862,23273908.6
77152016,16817153.8
772542617,1022161.8
772820574,7326442.4
773118494,19084318.6
773228648,25029466.6
773884877,34928607.2
773966416,32050166.8
774503500,36486848.0
775165856,33585079.4
775553592,23907398.0
775594946,25146067.6
77596096,28061631.4
777091207,20063057.4
777298307,20560421.0
777577982,27149031.0
778061276,15099563.4
778164804,28127712.4
779448178,33094251.2
77997948,23457441.4
780472426,27344726.4
780993101,24947530.8
781091788,14580504.4
781524342,29443618.2
783029100,32508657.6
783393259,20518740.8
783608484,29407696.0
784608403,25875983.2
784926776,11566702.2
785072836,35460228.6
785284985,1924482.2
785585794,12401072.2
785858556,12562827.6
786182879,21425163.8
786817871,28643644.6
786931474,21699660.8
787170108,10238947.6
788094244,29912947.4
788094431,36047658.6
788232169,17360451.8
788274770,22302780.4
788299378,19193776.8
788639531,30137989.6
788713777,24017445.0
789346799,17659737.8
789459556,29625466.2
789627929,36849316.4
789781713,12892874.8
790331967,18030794.8
791207230,28891034.0
792193372,26835456.6
792396274,33602326.8
792531498,31917651.4
79312563,11522559.6
793915326,2588027.2
794676693,38368373.4
794889827,35199437.8
795059117,30112683.2
795317395,26587296.0
795941707,27099993.4
795998482,25697818.6
796309524,20423370.8
796943128,20098637.0
797097935,18406384.0
797240914,32050166.8
797838685,16467891.6
797975693,33312477.6
798148552,24805853.8
798681796,30712024.0
798707305,27946224.4
799060558,21464586.2
799159875,23280970.4
799250686,8883951.4
79939928,18284102.8
799436544,18422460.4
799740613,28710748.0
799989470,17125901.2
800161660,9896084.4
800654756,20191301.6
80114783,24277261.0
801782182,21561194.0
801932165,1052442.2
802310193,26090369.2
802939805,28538041.8
804133866,9585890.2
804791860,17463179.6
80491904,10078441.2
804951561,32050166.8
805494552,24149058.2
80560725,30911662.2
806061262,23012931.4
806383961,22072046.2
806537516,13091909.0
807102745,34818291.2
807142192,11181674.8
807148290,14311215.0
807399710,2315059.2
807676191,9870987.2
807819960,18088482.6
808480147,17597045.2
808578640,7355686.6
8090006,26224499.0
809001604,35155493.0
809062731,27049258.8
809173313,17423140.2
80938036,28575647.2
809478053,10804610.0
809771064,20690330.2
80983984,32261067.8
810149287,22582229.4
810287611,36761375.6
810516823,17423140.2
810866813,18812654.0
811808879,26268099.4
81189189,28013954.6
814194004,21549674.8
814375798,28155940.6
814391272,26517403.2
815391918,14350255.4
81564935,32089396.2
815763667,31572322.2
816292876,27157422.2
816724903,26291826.8
817076262,29793833.6
817286562,19367889.2
817448324,18815475.4
817639495,21523619.0
817882172,19543181.0
818349007,27862695.6
818554518,8428476.2
818826504,26063838.6
819035017,26803830.0
81945203,28109571.0
819627851,21615636.0
820090972,25434043.2
820409590,13098285.8
820547235,9354297.2
820907424,19794467.8
82117335,23708375.6
821180602,5577027.6
822515191,26058754.6
823017486,29380704.0
823707584,26676035.8
82371649,1655386.8
826376398,13335712.2
827203118,18271133.4
827378125,23187741.6
827663810,17612695.8
827726394,22531589.4
827803506,711817.4
828677947,21888171.6
829153976,32909696.2
829175298,22777633.6
82988051,32897003.2
830125328,27289339.8
830444553,9638535.8
830597098,32015986.0
830695026,22696418.6
831302947,23064089.4
831609277,598957.2
832751522,28209307.8
83282816,24475699.8
833200083,32213524.6
833522305,17722078.4
834484140,22947551.2
834675891,30326648.4
834933020,21071873.0
835465883,2817779.8
835523862,27366123.6
835568306,13923898.6
835774972,26165681.4
836174334,20177369.2
836288436,29617799.2
837813772,2686094.6
837971591,12908748.6
838313711,14441580.8
840041017,34934835.2
840522336,26616698.8
84070532,22024483.2
841450874,23874409.6
842493767,20414836.6
842894693,32125970.2
84320679,29152417.0
84405817,33537084.2
844506946,15124612.8
844664347,29433192.4
845774066,20560421.0
845826858,21375948.6
846647124,23659864.6
846682731,13401503.0
846700750,17963476.0
846744260,25303226.8
847334954,21715572.6
847962582,33961307.4
84813922,31367567.0
848581954,15551915.2
849062809,16900008.0
849505778,21903407.6
851709109,23060542.2
852414479,23623184.6
852704648,33662859.6
852989435,23499732.6
853508008,31456816.8
853610632,22707073.0
854172819,29311092.8
854875548,22601143.0
85499528,19435200.4
856254594,31409337.6
85638848,25571981.4
856612700,33902725.8
857937585,41679630.0
85810913,33751504.4
859183068,17761195.4
859274173,35200244.0
859652539,30823916.4
859975969,18675204.4
859980212,25055905.2
860288823,34310855.2
860715236,36768256.0
861227030,24782602.8
861257947,13736275.6
862560124,27702249.2
862920642,31517796.2
864386280,30142343.2
864547424,29036250.6
864662939,20478114.2
865072886,22500225.0
865140960,21275270.0
865285202,26062481.6
865386011,20369557.2
865442778,26485291.6
865525071,14304814.4
865612286,32000615.4
866729893,22669054.2
866758423,29897289.0
866792357,20524747.2
867093886,2989040.8
868718273,27449757.0
869119721,35043127.2
869322144,21434656.6
872179122,30363442.4
873082841,34436049.4
873340274,14543819.6
873824973,28635912.8
874143536,14197229.8
874302891,24679273.4
875102499,31441407.4
875430665,33045178.2
875444277,21617846.6
875498717,16088231.6
875833154,26552645.6
876320481,19181353.2
876926968,26343505.0
878601301,20397566.2
878845901,11430623.6
879147391,18587778.8
879583320,30720380.0
880673910,15111560.0
881203310,21823383.0
881308545,22424918.4
881617953,20133815.0
88163303,18455772.8
882223051,27009362.2
882372154,22102327.8
882871649,13243894.8
883285040,25585043.4
883881569,26915160.0
884581072,30833671.8
884595880,2902490.2
885754547,24626705.8
88594602,24314314.8
88629273,26372478.0
886779816,4452040.0
886791279,36726390.2
887451003,30130481.8
887752978,34569919.4
887806307,10594628.4
888093360,21151170.6
889075076,17809375.2
889132390,16402202.6
889398383,22915039.4
889941422,30498516.0
890707823,21209926.8
890711897,20524747.2
891333219,29197014.0
89160029,22600365.0
892564823,20633231.6
892901225,35140096.6
893831153,23185467.6
89427159,25166870.8
894661113,27332113.2
894718015,27984223.0
895093954,44501978.0
895293769,8116962.4
895915199,10325057.2
896125994,29535059.6
89642504,26697196.6
896663620,21982113.6
897540717,39108527.0
897667109,22476929.0
897887568,32781762.0
898203011,30967102.2
899031983,14486154.2
900763028,20701441.0
900874409,30179377.8
902114155,31915023.2
902375683,33881995.8
903247415,34466693.0
903393249,20524747.2
903554939,22341478.4
903626058,22816004.8
903986584,24942756.6
904214057,31442894.2
904363850,31548826.0
904405461,19669006.6
905285790,10156467.8
90572254,32840402.4
905777338,28476731.4
906979721,29024452.2
908455284,27987584.4
909127116,27305122.8
909369717,15833269.2
910750522,3638531.0
910820681,31254532.6
911080236,4892880.6
91142823,16632752.2
911997927,31080808.0
912398552,19097878.6
912534056,880065.2
912900119,25170743.8
913731686,29521773.0
913946812,20747518.4
914704761,14190001.8
915162394,28479119.6
916444386,36248931.4
916985784,21580153.4
91887929,24168538.6
919272254,32020605.4
919465378,30272634.0
919490181,11618214.4
919939413,12374327.6
920385595,27470611.8
920741627,25919095.4
920788801,23140606.4
920938524,27359373.4
921899048,31864050.4
92198020,17698366.0
922017943,18215460.0
922571639,14368305.8
922683102,19421634.8
92343295,16023593.6
923885506,28163766.2
923936381,19906071.6
924684934,31997041.4
924964672,21223248.8
92541280,8508665.8
925438335,26861978.4
925881906,25878809.0
925884391,30387286.2
927153725,29433576.8
927854113,19142072.8
928349115,28361887.8
928414279,22397692.0
928713250,25504507.4
928777176,28398986.4
930855206,9366869.2
930904558,18647055.8
930971928,8980616.2
93102882,31862640.0
931079153,23993033.0
932084533,19948415.4
932373769,20078774.2
932998594,30126696.6
933997906,24021208.0
934199817,38323835.6
934488913,22583051.2
935166347,8105849.2
935508630,39022348.2
93665383,23358516.2
937238441,15761272.2
937843618,25340108.0
938109149,29240384.6
938523364,17438778.4
939311744,16043539.2
939756690,27598695.4
939810412,28166579.6
940842254,35416445.8
940888397,26008082.4
941091182,30317146.6
942007851,31645995.0
942065636,36560983.8
942613600,25000527.4
942814455,15601587.2
943345515,32106207.6
943853322,26726740.4
944527607,18163174.0
944538945,31231621.4
944989966,15341509.0
945760413,28149465.2
946550540,16372873.6
946628340,30749292.4
946903325,25728379.8
947090403,15643637.6
9472096,14032034.8
947471791,20154476.0
947720191,21227802.4
948057434,19396687.8
948292000,17380740.6
948842365,29297095.0
949484998,20859316.0
949618731,32649171.6
949734355,24931597.8
950816038,33833455.8
950900627,10555397.8
950950325,30136847.4
950978902,31492647.4
951290289,18999251.6
952179958,3765865.4
952257811,12747673.6
952401993,22348173.8
952458019,20621664.8
953346027,17708209.0
953506583,32790012.2
953949756,27656216.0
955905528,17447016.8
957184301,26388643.8
957807611,10047223.6
95810878,21381294.2
958203396,31859417.6
958270939,16479259.8
958278520,26635405.2
958721439,27429215.0
959086459,15863142.2
961267980,32748245.4
961651047,10266283.4
962787425,21792532.8
963052072,35271769.8
963569136,26645135.2
964004526,36560983.8
965711043,13186827.6
966651364,20589967.4
967094967,17789330.6
967222678,13332113.0
967302248,16667895.4
968470048,17746845.4
968597742,25039806.4
969170465,22385034.0
969357718,35164311.4
970061299,31916428.0
970295022,31826559.8
97075682,8385231.4
971938966,36719954.4
972733285,16478870.6
973336622,18069496.8
97337621,3619936.2
973420892,6322024.4
974102108,482139.0
974378027,27203086.4
974525074,2058802.0
974606400,3933447.4
975367443,9047157.6
975676374,20660691.8
97579950,22004241.8
976236385,8399902.6
976707361,16041528.8
976837402,29253889.8
977030633,15516657.4
977209796,23218130.4
977386447,31477501.2
977446624,25660885.6
978309515,27471676.6
978341311,27332321.6
979330433,21712267.2
980247693,19053705.6
98049952,24563625.8
980559847,19027530.8
980665370,25687060.4
98186373,21724263.2
982293994,28763926.4
982336669,19395871.2
982455895,22937614.0
982740029,20475402.8
983270799,18753882.4
984154541,16910667.8
984224331,22489079.6
984225590,21613698.2
984949164,28612400.8
985043652,31916428.0
985125128,5570807.8
985423081,34536432.8
985614401,31866256.8
986058423,14688243.0
986204419,18015122.4
986642651,21694641.8
986663011,9313454.4
987026989,29278444.8
987159268,22030035.4
988251615,19950330.2
988661571,20254720.0
990790400,26085336.8
991016912,23370010.2
991035709,29171748.0
991044378,30978404.2
992018586,12735521.0
993045904,29108618.4
993446420,26461704.8
993659832,30449030.4
993663407,33642687.6
995669347,39240748.2
995888455,16088231.6
996425152,34651257.4
996662864,16549067.6
996855915,17193261.2
997431578,28367103.4
997573735,13691166.2
998206879,31395880.6
998393594,27706065.2
998625201,40085127.0
998818197,23368160.6
998818893,28924180.0
999761287,19088277.6
