volcan_id,time_to_eruption
1000015382,25289378.2
1000554676,16230639.8
1000745424,11635209.6
1001461087,23363214.2
1001732002,33100804.2
1002275321,32413268.2
1002575641,17570663.6
1002609771,30133717.8
1002624617,24283585.0
1002789083,13108863.8
1002825126,20938810.2
1003154738,1596340.8
1003175827,22958372.2
1003411703,19267496.2
1003520023,22409758.8
10035828,14558594.6
1004346803,14370569.0
1004557332,27309780.8
1004561781,15314127.0
1004609129,29631605.2
100519902,35769582.6
1005472094,34662196.6
100610446,28130983.4
1006345280,16456455.6
1006842231,23076744.6
1007019534,24306247.4
1007996426,35778809.0
1009126824,9194152.8
1009442335,20714943.0
1009749143,16186535.4
1010002096,27502135.8
1010561361,26026575.4
1010680130,22984415.8
1010725931,21953652.2
1010756593,25471063.8
1010864137,38038868.4
1011078321,25531208.8
1011133267,27306037.4
1013196130,12320993.6
1013226239,12831809.8
1013789689,25668088.0
1014562599,13146859.8
1014585637,20280323.0
1015033166,21407818.6
1015092282,33973252.8
1016110949,22941799.2
101616763,6736667.4
1016242026,24745359.4
1016727429,29729767.8
1016932159,6256244.0
1016956864,29249987.6
1017830158,5842576.6
1018207090,19740945.6
1018435910,23698583.2
1018756523,25133010.6
1019052648,25105141.0
1019955915,21896976.8
1020283272,21419497.4
1021479157,14316017.0
1022420757,20014728.2
1023111602,10632058.0
1023245702,23656022.0
102338326,11750362.2
1023559523,10822877.4
1023589533,29237673.8
1023927094,24323655.8
1024265947,28576814.6
1024522044,30760395.6
1024855809,22476810.2
1025401939,23643971.8
1025870964,31711343.6
1026930172,23154591.4
1027307874,17651962.8
1027457977,28984658.0
1028325789,28152644.8
1028350709,14652267.2
1028796869,23741709.8
1028829115,16740724.6
1030109165,17728005.8
1031098571,1148585.2
1031775369,37172686.8
1032429253,33575174.4
1032570249,23058841.6
1032987045,27103728.6
1033287069,21714919.8
1033677406,30541123.4
1033835311,22240659.0
1034203889,29041379.2
1036403851,10760576.8
1037601470,30996530.2
1038366766,11882084.8
1038903770,20703816.6
1038918048,15661421.4
1039038516,26492126.6
1039242162,37432598.4
1039583299,19045063.4
1040017632,20504370.2
1040427269,15266794.0
1041846634,21522793.4
1041878888,19373157.2
1041963422,22753738.6
1042260671,45876296.2
1042743186,23366685.0
1042857837,21562027.8
1043816873,17967179.0
1044404474,23756157.2
1044700555,27433981.4
1044996306,29424767.8
1045737293,25038971.6
1046153021,17646399.6
1047097201,14196150.8
1047238065,2789040.0
1047698781,27199715.6
1048009361,14856955.8
1048073965,18677561.0
1048300101,15253253.6
1049186697,15799161.8
1049342028,32377782.2
104958377,18137806.4
1049892705,14153468.0
1051215459,13837782.2
1051299690,29296540.8
1051817564,33417337.8
1052073345,25759149.8
1052075589,24787042.2
1052745011,34063843.0
1053043132,15505799.4
1053609274,17238191.0
1053686121,20988306.2
1053927671,2120029.2
1054353459,19392433.0
1055093477,23851294.6
1055227118,18594511.6
1056424078,27895766.2
105658810,26187485.2
1056778258,12796898.0
1057137462,24882298.2
1057504299,15406653.0
1057868450,33066954.6
1058582421,24787908.0
1058923200,28391240.6
1059294461,29535787.2
1059381646,24069118.6
1060048694,32483524.6
1060581218,22835055.2
1060632987,4384235.4
106078758,18927758.8
1061211936,31222117.8
1061556765,35582107.0
1061801479,26348416.6
1062764986,24917731.2
1063425676,23307800.4
1064794195,14220615.0
1064935255,48440059.0
1065197609,16700060.8
1065259888,18558850.0
1065800547,22170578.4
1066152649,13861381.8
1067098395,27436939.4
1067330822,40778474.4
1067927661,18012937.4
1068033648,25890747.4
1068054446,38939242.6
1068208983,35566610.6
1068504383,25294656.0
1070060959,6409685.4
1070188655,30221219.8
1070784997,27722352.4
107081920,6365720.0
1070821612,26832592.4
1071049789,15317953.8
1071353921,31994085.4
1071748769,9841943.2
1071777430,29838376.6
1072055317,19371213.4
1072192149,30267569.6
1072732496,12774294.6
1073019591,29021079.2
1073703374,22505846.2
1073745213,27786472.0
107400998,14873411.0
1074244722,36293448.2
1074426665,28781265.2
1074671362,34653195.0
1075300188,28824344.0
1076119752,14485784.4
1077334203,26417594.6
1077415466,2598154.0
1077594989,34138004.2
1078903277,28110074.4
1079138094,20096501.2
1079334814,20000500.2
1079412257,27398097.4
1079412715,17792473.0
1079658754,16349315.4
1079693590,36477919.2
1079724272,26058220.2
1079740004,6475641.6
1079821584,21882224.8
1080143124,23247887.0
108037369,28084400.0
108124387,29337001.0
108195434,18361232.0
1082557979,37332781.2
1082824214,16535948.4
1083379708,23356447.4
1083668827,17746481.6
1084077028,23666717.2
1084739465,21521945.4
1084812938,14369191.2
1086656455,29516746.2
1086685621,24759076.0
1086942147,25066308.8
1087653736,9549263.6
1088021526,17437620.0
108874736,26939087.6
1088828384,37470615.6
1089324375,13027123.2
1089375229,34561703.2
1089435916,17935551.4
1089685571,14101243.2
1089686246,25052484.8
10901393,25778578.4
1090755834,14524801.8
1091829226,23710167.2
1092333463,23470847.0
1092709083,25457208.2
1092728543,27342791.2
1092950441,26526824.6
1093181664,24002939.2
1094000638,16602309.4
1094157333,36137946.0
1096450417,24373387.4
1096543877,18713475.2
1096991212,14771934.4
1098000689,15034465.2
1098074077,16683837.0
1098531429,10243943.6
1098612833,16406791.0
1098698634,26947436.0
1098922326,18188124.8
1099545410,28957622.8
1099864364,34122501.6
1100632800,23098835.6
1100965951,25052081.6
1100991799,20869526.8
1101821065,28232579.4
1102017109,34207703.4
1102879167,22359241.4
1103243029,27146760.6
1103672024,28166878.2
1104061012,17470408.0
1104202675,9988533.0
1104705292,12633281.6
1105095930,30285627.2
1105888187,20052939.2
1105923226,22543482.2
1106309851,33603504.4
1106409037,25972534.6
1107722316,14652267.2
1107780094,27926254.8
110797815,22583094.2
1108848326,23850854.8
110912013,28370640.8
1109392959,22969853.4
1109804924,11509644.0
1110429957,19743665.8
1110563085,35733047.0
1111204031,27170200.4
1111649370,29932330.6
1111781387,16088626.8
1111981902,28654554.8
1112166288,34090498.4
1112652101,28633830.8
1112729101,23476076.4
1112777130,18340753.6
1113243853,21701824.4
1113441311,22716991.2
1113992376,7430487.2
1114275678,35634545.6
1115036717,21543045.2
1115044441,22879099.0
1115085900,26807079.6
1116352983,37778545.8
111665787,37592805.2
1117294384,32797193.2
1117793086,33135286.8
1117905846,2387108.8
111928340,33519194.2
1120445474,25375548.8
1120674393,10988387.4
1120931614,28576814.6
1120996406,6217738.4
1121018916,27024569.2
1121140466,7956727.4
112124903,35920308.4
1121542036,28450304.0
1121697834,18258662.4
1122508880,27293747.6
1123001951,6289431.6
1123066550,36416364.2
112321400,35769582.6
112348433,29418168.8
112375098,20075446.0
1124119171,5394757.2
1124990118,23979372.8
1125424344,12351922.6
1125482656,32279081.6
1126911948,12706212.6
1126999790,33133867.0
1127884712,22889373.6
1128186391,26941688.2
1129429071,38432109.6
1129909391,45499604.0
1129938643,25233049.4
1131527270,48357310.2
1132116234,12537535.8
1132218304,20651940.4
1132419329,27808257.4
1133090317,28816224.6
1133130522,17910508.8
1133499260,32906796.0
1133663547,28680635.4
113427359,913457.6
1134675027,27916920.4
1135450244,27170579.4
1135623500,3658661.0
1135859577,22816506.0
1136037770,21509108.4
1136356907,31247835.2
1136523713,27629782.8
1136682157,22030281.6
1137143171,24888782.6
1137459605,30878899.6
1138124607,32356742.4
1138688286,12925709.8
1139102111,9610064.6
11392010,31559020.8
1139489647,32836714.2
1139540990,13184126.4
1139605058,33479283.4
1139907613,18771709.6
1139939622,20809661.6
1140405837,7096500.6
1140561040,33239194.4
1140760418,45777259.0
1141054211,23486704.2
1141152432,30239097.0
1141177767,31174446.0
1141586751,15228697.8
1141989284,24316032.4
1142113285,22840223.2
1142115505,16168447.0
1142235055,38755633.6
1142739992,28256463.2
1142959485,24916173.2
1142973144,15685693.6
1143009226,27933383.4
1143931457,18561735.0
1143985791,24638193.2
1144399369,21346128.4
1144508876,18578663.0
114473006,22004044.0
1145497571,24686737.8
1145919143,1730843.4
1146220591,29947364.6
1146471189,16690640.4
1146840738,13025599.2
1147795366,19807068.8
1148016357,37140410.2
1148831112,27803807.0
1149417056,29143582.8
1149561649,20216806.6
1150039132,16400380.8
1150756360,15875714.4
1150860263,34332707.4
1151202699,21328009.4
115172114,26214432.4
1151918483,10349036.4
115231914,35142061.2
115235190,30901635.8
1153017772,23928543.2
1153303479,28353366.6
1153507500,22631328.6
1154700918,26138470.4
1154986023,36378010.8
1155073153,28871579.8
1155734430,2781043.2
1156048155,25227880.2
1156586754,32333923.2
1156712721,18218075.4
1156888333,37205815.4
1156895420,29846888.6
1158288485,31719524.8
1158351226,25830480.4
1158353351,21224352.8
1158364571,16213597.6
1158945000,6584434.4
1160064144,30452787.0
1160333827,26046023.6
116173096,26684724.0
1162036523,22997629.0
1162128945,42648185.0
1162241076,19678387.4
1162441568,11260905.8
1162569015,27791954.4
1162680622,29210863.4
1162956646,16061643.8
1163316433,17658696.0
1163754152,30801669.0
1163975632,22363443.2
1164158990,25753496.4
1164949475,43943606.8
116548092,20913360.8
1167730371,16485644.0
1167824881,12810825.8
1168740391,29792029.6
1169355212,20337021.4
1169725037,16534068.0
1170778257,23272017.4
117092563,11029208.2
1171002359,35262848.4
1171309166,23030122.2
1171535008,27130333.4
1171708569,22326114.6
1171869234,25974428.0
1172960446,15082106.2
1173524986,21664414.6
117353587,13244952.0
1174005524,24445403.6
1174567207,10856737.6
1175013181,13445103.2
1175285966,29226538.4
1175666078,36364001.8
1176309909,13666698.8
1176796937,25369395.2
1177828269,22223728.2
1177898008,34669804.6
117864846,25010985.4
1179059409,20090179.6
1179136480,11440675.4
1179922830,28176201.6
11804308,19845433.4
1182480093,28300282.8
1182581931,29233371.8
1182918404,30874890.6
1183368100,8788341.6
118375419,34330909.6
1184189143,22552194.6
118578176,25884502.4
1185987238,25810144.2
1186704180,23160449.4
118766330,25417603.8
1188169213,9959356.2
1188262821,23298766.0
1188464475,20162242.6
1188475928,21396807.4
1188860608,38162985.6
1189625937,29523136.0
1190293359,26141516.2
1191004876,28789980.2
1191350506,13976130.4
1191484058,29917016.0
1191644191,8484550.0
119176309,24026291.8
1192163654,26180384.2
119226806,24974598.8
1192274646,40198854.2
1192354436,19796776.8
119249800,20062976.0
1192605002,29547412.4
1193276340,16362849.2
1193696136,31670721.6
119375610,6237031.6
1193816078,22984813.6
1193838198,21723667.0
1194551803,3070182.6
1194762613,24341891.8
1194799275,26033489.6
1194802638,29572912.0
1194833182,14565125.6
1196312634,32293429.4
1197116188,7807695.4
119735052,30545939.8
119828684,23186481.6
1199580311,26412282.2
1200187647,24921600.2
1200555803,19750301.4
1200721383,24619617.2
120078459,27751117.6
1201950963,7299526.6
1202272000,16656835.2
1202935850,2757263.6
1203041521,23190169.8
1203860975,26391861.8
1204506668,18809410.8
1204676321,12115937.2
1204682805,29190711.8
1204691003,24829896.4
1205512045,11143448.8
12058946,32885319.4
1206090150,17109037.6
1206337783,30904875.0
1206664260,15837391.2
1207105314,18896130.2
1207122523,33764827.0
1207250122,5459224.6
1207479220,19652278.0
1207757591,2020484.8
1207889265,11551141.8
1208305522,28401591.8
1209060315,29824342.4
1209629994,19461288.4
1211398909,30844759.8
1211468948,21730861.4
1212346942,22425828.6
1212561114,1596340.8
1213372869,25790982.4
1214300017,29827823.6
1217169700,15884520.0
1217315221,18761823.8
1217802563,20077709.8
1218086210,25356013.6
1218513300,2196397.8
1218932007,35221756.6
1219465798,21378807.2
121962462,7181506.8
1219716331,28204702.6
1220739030,32225419.6
1221021840,2606166.6
1221036432,22925428.4
1222398379,15625002.0
1222915307,25439388.0
122310777,48037588.6
122316130,28616125.8
1223921706,30872837.2
1225045427,1424492.4
1225680864,28684356.2
1225949488,16576385.6
1226022734,15465803.6
1226880809,26127867.4
1227006408,27019846.6
1228887863,7547122.8
123014977,25553036.6
1230395899,21787492.0
1230685914,17303500.4
1231275179,20983425.6
1232501455,15110928.4
1232569304,6137525.4
1232916817,21439309.4
123327103,23735240.6
1233272039,10001606.0
123379451,25813662.6
123496330,18344726.4
1235044971,26220411.4
1235339888,35075894.4
1236175272,21650659.4
1236765323,45805053.8
1237711608,43585403.0
1238100097,12392289.4
1238398453,29319445.0
1238527714,31657469.0
1238859327,6356401.4
1238898356,33936390.6
1239137007,27425185.0
1239209006,14897259.6
1240124708,20076317.6
1241211907,10631304.4
1241598842,26246502.2
1241750749,23869514.2
1242266897,27000194.4
1242521207,17431787.6
1243101535,8053621.4
1243250306,21381328.8
1243491909,19142630.6
12445922,33692479.2
1245409985,16400380.8
1245777723,24735370.0
1246332909,29810969.8
1246585270,25207250.4
1246974750,17914408.2
1248281726,32949143.6
1248634358,13546487.4
1248739400,28009891.8
1249637406,23920812.8
1249783920,26246502.2
1250547705,23493981.2
1251032581,13897837.8
1251724802,33509350.8
1252913785,24602728.8
1253007685,24432417.8
1253627982,15730383.0
1253771879,10497778.4
1253865296,25400061.2
125407016,17034826.8
1254183576,21439309.4
1255076992,33954410.4
1255705928,37233316.0
1255874891,27478198.8
1256153889,18070241.8
1256832219,25812238.0
1256976573,25233577.0
1257785,27369122.6
1258074117,26915364.2
1259389296,14731082.0
1261672283,21653643.0
1262119935,27028897.6
1262173496,37618604.2
1264187919,19808262.6
1264680628,17844277.2
1264939370,22044990.8
1265017674,22617466.6
1265054165,15284341.4
1265639221,28635697.4
1265760121,29833935.4
126625232,32274246.0
1266854541,35833039.4
1266857808,20539872.0
1266859938,28654554.8
1267021789,19169763.8
1267880986,14335307.4
126790315,27839681.4
1268769573,18576529.2
1269253757,31159895.2
1269542251,23126717.8
1270605742,20207786.2
1270753287,12778457.8
1271458082,23342597.0
1272356913,36667660.2
1273244004,20099118.8
1274841432,27840190.2
1275918064,19874647.2
1276176836,28626887.6
1276225678,22434531.2
127669549,17065373.2
1277106217,32313109.8
1278306150,28769765.0
1278603683,25758696.0
1278829366,30178100.0
1278968691,14629808.6
127998922,26901293.2
1280459895,2475347.0
1280586826,23037072.0
1280739208,20546441.8
1281262417,35054813.6
128130872,13163141.8
128144433,2087427.4
1282052294,24912229.8
128323508,22123624.4
1283526641,1432702.4
1283573689,23656775.6
1283709970,36239391.2
1284285054,29241610.4
1284309765,24820530.6
1285239035,12673858.6
128716706,28805713.4
1287286275,22761136.4
1287402853,20098143.4
1287615701,18234631.8
1288080146,22177111.0
1288194015,16466328.6
1288880407,26465796.8
1289259843,21355380.0
1290142372,30159895.8
1291417658,27743822.4
1291687640,35306531.8
1292845647,22343524.2
129287408,27468886.0
1293088481,30213515.6
1293102918,30070450.6
129320976,8674489.2
1293710766,25617319.0
1294359814,26819029.6
1294381215,18139547.8
1294895949,29497978.6
129657665,32486774.6
1296601630,29410399.0
1296693816,40761771.0
1296697611,25922054.0
1297437712,22694573.8
1297566199,34864117.8
1298037063,11592527.4
1298395396,24194458.8
1298711544,39837164.8
129965179,20371227.6
1300210122,21822558.8
1300256705,23107453.2
130096034,34269039.2
1300979382,47959172.4
1301215104,14923852.4
1301925952,20108833.8
130209120,37592805.2
1302280863,16822538.4
1302654402,16561099.4
1303574893,11647565.2
1304034123,15134139.2
1304106205,19479732.6
1304351479,20170140.6
1305093267,31810265.4
1305129725,2635732.6
1305598339,28891860.2
1305694172,3313207.4
1305758519,32047579.0
1305823886,21178791.6
1307215143,24597662.0
1307328343,45777259.0
1307861967,23644864.6
1308565628,26180013.6
1308750050,32736545.2
1309817072,6660573.8
1310208823,15754364.4
1310911931,1769716.0
1310954041,19784159.0
1311274723,9715944.2
1312446527,17098944.8
1312630419,2832507.2
1312764883,6291386.4
1313448605,24452222.2
1313551275,27955159.0
1313680478,26956461.8
1313787407,2708749.8
1313998053,18045607.2
1314192981,29562531.0
1314629889,6706115.0
1315469276,29624953.0
1315506288,1175531.0
1317025433,21164549.4
1317400348,11054073.8
1317554940,26541091.2
1318204178,21931116.0
1319370888,18239095.6
1319378846,18367896.4
1319864887,26856583.0
1319975881,24116450.6
1320010275,13713997.8
1320483504,24058247.2
1320498730,14303690.2
132258958,25182872.8
1323724621,43361340.8
1324741890,24989796.6
1324761660,8443416.6
132489921,16327873.0
1326488338,15333183.6
1326617744,21450474.2
1326807935,15397987.2
1327115949,32913933.4
132764109,19247121.2
1328234349,26450756.8
1328518626,24384947.0
1328943551,36086774.4
1328956322,15755068.8
1329020649,9674229.2
1329220620,32487629.6
1329263976,23213729.8
132927805,28820940.8
1329905008,20068477.0
1330823364,27087240.6
1331551006,23196358.4
1332087486,19105682.0
1332361740,23350409.4
1332574136,17317470.8
1332634054,7342694.0
1333272006,24348057.8
1333853572,19352980.8
1334508596,30839868.2
1334588229,16086169.4
1335503667,34009690.2
1336077563,7319694.8
1336134836,30644529.2
133629750,31303466.6
1336882195,24380311.2
133763341,27583713.2
1337708357,28252771.2
1338729778,23943501.4
1338917012,19290114.0
133899712,23780590.4
1339140243,27211935.4
1340035112,12464504.2
134008248,29329373.4
1340699060,15756365.0
1340723162,28488417.6
1340962670,27323322.0
1341275515,18821245.0
1341530534,30032265.0
1343997378,30986473.6
1344317045,26377293.2
1344426246,24240264.6
1344705421,25652740.4
1344839103,35218602.0
1344874727,9120553.6
1344932064,26088107.0
1345496888,18561524.8
1345648815,27766318.2
1345892489,31249016.2
134592962,17158036.8
1345995920,13346461.2
1346216299,17307531.8
1346352171,14782309.2
1347072942,19811307.4
1347428608,24897736.6
1348064674,20206629.4
1349173274,22120682.8
1349479780,18639407.4
1349973145,26372601.8
1350466548,20714243.0
1350859070,31410840.6
1350940792,19479732.6
1351464367,8551057.8
1351967389,30123841.0
1352085264,16280799.2
1352232540,17670699.4
1352696610,13369109.8
1353979920,21769166.0
1354460277,25363926.6
1354938804,22246045.4
13555849,16644207.4
1356478673,8260281.0
1357148161,37919527.8
1357279829,31141499.6
1357911280,15722468.0
1357967825,13834539.8
1358091136,22930388.2
1358099181,34467033.0
1358458285,19598839.0
1358944219,21626482.4
1358957614,10632058.0
1360465324,33066606.6
1360677443,26492126.6
1360677928,27344672.6
1361656569,32711939.2
1361703143,23205473.6
1363015883,20624337.6
1363345018,10477907.8
1364052091,25728772.4
1365429543,22909481.0
1366126036,2020484.8
1366400860,34192782.8
1366986013,21998174.0
136698635,46040906.4
1367207994,28920639.8
1368009563,27327774.6
1368969105,16950844.4
1370207576,10348463.0
1370726402,17835750.4
1371032972,25001932.2
1371124950,19373042.8
1372045435,29587541.2
137275078,28327405.2
1373364071,23856028.2
1373498251,32914751.2
1374505946,19842748.0
1374758095,30507218.6
1375203977,29343461.0
1375353446,17350730.2
1376247982,20248951.8
1376574453,16324788.2
1376578175,14791293.8
137679693,30507560.4
1377003857,45917529.6
1377244339,24598041.2
1377591970,17129043.4
1377931300,29741696.4
1377934753,21814730.0
1378201806,22562009.8
137834515,27479804.6
1378538542,26759651.2
13787554,12279266.2
1378847502,18826444.2
1379040576,22241393.2
1379738583,18833182.4
1380340436,20938810.2
138039480,27015707.0
1380998187,6264101.4
13810270,11933246.2
138147248,20013055.4
1381523950,14845748.2
1381856680,22655171.2
1382431979,26159845.2
1382546481,10497778.4
1383888094,28938879.2
1384601116,35506727.8
1385372778,15753441.4
1385520858,10396132.6
1385743153,25346870.8
1386110645,36156774.8
1386901660,31852673.0
1387300995,45835948.6
1387473393,26639675.8
1387843214,20737109.0
1387912675,24989796.6
1387922773,29069270.0
1388662654,29983680.0
1389436963,28770098.2
1389468202,26670160.2
1392432372,11505493.0
1392504290,43676028.4
139264857,21222490.0
1393018175,18808782.6
1393369578,29940337.2
1393728805,33350359.8
1393743223,16947542.8
1396043556,15346362.8
139656908,26086996.2
1396760068,21909300.2
1397337085,16358864.6
1397536621,7576697.6
1397959564,34035067.2
1398442640,31404711.0
1398925521,3205656.4
1399092321,38795981.4
1399150490,39648590.0
139925492,26622117.2
1400253000,24727994.8
140031872,23552750.2
1400727315,2078358.6
1400929225,23239720.4
1402556914,20924442.0
1402674973,30223833.0
1402914692,27812245.2
1403005697,24192743.6
1403222059,22562248.6
1403244730,30348135.6
1403440092,23664780.8
140348256,28061345.6
1403947680,24277671.8
1404122310,19933116.8
1404179874,16280799.2
1404322654,14563683.6
1404502479,26378682.6
1405189645,36531779.0
1405443107,22613729.2
1406234149,29540232.4
1406456924,39671022.2
1406626451,26421301.8
1406938061,19479732.6
1407084157,29304851.0
1407094442,27283110.0
1407261706,13533537.8
1408285202,34480001.4
140851065,17022583.4
1408645616,33405007.2
1408663387,24224719.2
1409167039,4064259.2
1410476318,17313143.6
1410567660,28419392.6
1410663630,18475603.2
1410667473,24474683.2
1410693848,14319935.0
1411419095,24686114.6
1411775590,6148335.0
1412442495,16455829.2
141250336,24736795.8
1412551688,32433872.4
141279579,42879772.0
1413196778,19490604.2
1413419956,22019875.8
1413459553,5774569.2
1413955161,22940235.6
1414081636,26006428.8
1414856943,45617420.0
1414888691,9270734.6
1417147250,11497166.0
1417251029,18309029.0
1417483552,1501466.4
1417547769,29582212.2
141900078,43943606.8
1419062310,30336792.6
1419273442,15342864.2
1419366371,34041324.2
1420022233,18896130.2
142016409,38481065.4
1420404974,42123171.2
1421336443,29500698.8
1421646167,20313892.6
1422136694,16275709.2
1422467265,25946268.0
1422856161,26072723.6
1423567749,13054280.0
1424510231,16466328.6
1424738928,25051022.2
1424964276,31522459.6
1425060539,33121132.8
1425732038,9714752.0
1426693444,36923689.0
1427234962,18212748.2
1427376683,24542383.2
1428662973,17069172.6
1429720483,22637648.8
1429986546,27521381.0
143072526,25577287.4
1432155265,29436321.2
1432170310,24495512.8
1432222552,13135289.4
1432725171,4194981.0
1434612372,23691911.2
1434896619,21918673.8
1434967441,37000795.8
1435604135,25218699.6
1435710094,18182868.8
1436148540,7630543.8
1437169630,30511263.0
1437432319,28543209.2
1437553540,28517953.0
1437660399,13238286.0
1437708188,20623817.4
1437790674,22585380.8
1438275988,22147915.8
1438676404,21607552.4
1439362849,15283433.4
1439683436,25296398.0
1439873054,11833102.4
1440363043,12532812.0
1440716735,27152897.0
1440719862,25427918.4
1440782876,35170483.2
1441988574,28419096.4
1442464431,766595.8
1442958573,19610504.8
1443158011,13171665.4
1443160198,4643117.4
1443481225,30267682.0
1443500291,32473276.6
1443519091,27998543.4
1444160100,26503710.8
1444262099,31304586.8
1444387622,24795221.8
144439544,5555922.2
144472636,19464902.4
1444957178,27419786.8
1445132059,30578825.6
144524710,19737360.2
1445652932,27225821.0
1445824208,16544505.0
1446284136,36522434.2
1446664944,23451448.0
1447237480,14488946.6
1447263565,27261023.2
1447502349,30874890.6
1448402324,26754985.6
1449261406,35754318.0
1449852524,35722683.4
1450261744,26876769.8
1450513592,11302449.4
1451062875,23964387.4
1451204584,27374648.2
1451279123,18958784.0
1451955122,24254401.8
1453766944,15036112.2
1454051706,30050833.4
1455109840,20998156.8
1455221961,19375456.6
1455373409,20919471.2
1455809756,12999814.6
1456047002,12424518.6
1456852927,22579433.6
1458614920,13666565.4
1459085269,35362902.8
1459680684,30022658.4
1460750672,19043971.8
1460923158,26483742.8
1461290290,23549519.8
1461319494,29298684.8
1461450381,20210201.2
1461706190,44217142.6
1462046575,28585929.6
146209214,26618835.2
1462188075,6312329.2
1462667376,19993793.0
1462800416,36921576.6
1463782910,29481703.0
1463836548,28355456.8
146420447,22591159.4
1466017476,1351472.4
1466051838,29264828.4
1466563606,14840060.8
1466604072,16281368.2
1467444506,24363299.8
1468181012,25124996.4
1468312828,34520325.8
14685760,26102826.4
1469153943,27834819.6
1469190191,40919935.2
1469260621,17489011.8
1469324627,29836263.6
1469540533,32002639.8
1469602035,28477975.2
1469935552,25319280.0
1470369862,6829026.4
147102860,23953742.6
147128247,32263493.2
147205244,24560657.2
1472087348,16335401.2
1472473932,20783695.4
147392583,38183971.6
1474141102,38528195.4
1476041037,32149037.0
1476171977,27211946.6
1476309575,24861457.2
1476322553,11022442.0
1477015307,14527196.2
1477395136,24034616.8
1477663242,29503279.8
1477839540,14211198.0
1478302828,27539172.8
1478564166,40767591.8
1478840230,22541676.6
1479213552,28184386.0
1479278577,23135927.4
1479710173,32912775.2
1480698713,38041863.6
1482496421,28841813.2
1482862649,21506459.0
1483578286,35048211.8
1484098101,22476045.2
1484819245,26225244.0
1484856965,8940365.6
1485671228,28481897.8
148576934,29477887.2
148601568,6365720.0
1486075932,31596802.8
1486142922,23643271.6
148632090,29184204.6
1486489212,25399838.4
1486668961,23652812.4
1486929834,29595970.8
14879891,18407112.8
148815721,16875209.6
1488245608,20925112.4
1488662239,7430487.2
1488959516,30303438.0
1489598665,24240899.8
1489646598,9522635.0
1489953884,36238236.2
1490325704,12667844.4
1490656252,27534398.2
1492219470,28893870.8
1493034353,15560319.2
1493166217,28108862.4
1493424939,9940577.2
1493638592,21705530.4
149374383,18764044.8
1493932041,6974211.2
1494607307,23491193.6
1494708577,14453818.0
1495126611,28685080.2
1495345557,15143449.6
1495482792,21106712.8
1497265174,28289716.8
1497445622,23025311.4
1497846794,19392433.0
1499144685,27031935.4
1499296427,11567465.2
1499681561,25749146.8
150069740,30557045.8
1502052925,26124060.0
1502208709,25658224.0
1502376061,18103643.8
1502408473,15195461.4
1502692763,23266837.6
1502945599,48228679.8
1503670205,30730250.0
1503780649,45805053.8
15038768,37914289.2
1504876934,29725671.6
1504911882,29317170.2
1505089359,24759122.8
1505556122,26431054.6
150565400,19415958.6
1505680768,24095810.6
1505762469,26513289.6
1506120842,19921722.2
1506387394,28509847.4
150692731,31569043.0
150706632,14403478.4
1507583987,26019128.4
1507603213,12986318.6
1508036805,41512905.2
1508291375,24693838.2
1509404697,22361931.8
150962494,25504133.0
1509748401,31787062.2
1509795330,6219020.4
1510713124,24426748.0
1510886295,25274681.2
1510912952,28644127.2
151107051,18946325.0
1511476858,3734252.0
151157022,25694708.8
1511802934,21840723.6
15118652,29505218.0
1511969211,10167627.0
151240150,24217950.6
1512562688,26209967.8
1512687161,16382591.2
1513196726,24289954.8
1513209651,5315383.0
151326352,21767643.8
1514030702,23274862.0
1514632329,27542599.4
1514701930,31951681.2
1515347392,875590.6
1516882705,24486145.8
151767499,22391732.8
1519380697,31425746.4
1519401781,29282195.2
1519481245,31427306.8
1519559429,37032834.2
152072473,24769003.8
1520759814,39928471.4
152111866,26547038.4
1521233834,27369081.2
1522261632,23352599.8
1522314619,30694430.8
1522883469,36997326.0
1523753816,25613470.6
1523983812,28169368.0
1524599064,21125913.2
1524808856,19421730.8
1524814836,17300676.0
1525509255,35992260.0
1525760982,16441175.2
1526747205,23182603.8
1527528712,28537477.2
1527530975,33054795.4
152867048,2797645.6
1529424839,5466334.4
153007144,20065429.6
1530092377,23944146.8
1530348286,12489266.4
1532608723,15534104.6
1532720435,26738192.2
1533236910,29088811.0
1533408168,14445444.2
1533439228,18821771.8
1533558667,20070811.6
1533625076,36626159.2
1533843141,39077160.0
1534028825,15958411.8
1534568373,18330224.2
1534853725,27302630.2
1534910358,12889383.0
1536905602,25494925.0
1537170513,30079929.8
1537199208,1882263.2
1537645954,18958784.0
1537766774,24799132.8
1537869655,13147842.2
1539005013,20813261.2
1540053816,5555922.2
1540481927,20319096.4
1540579925,29545169.0
1541433823,35106124.0
1541798814,15765436.2
1542102359,27799714.0
1543271024,9793833.4
1543404630,26703677.8
154409450,18089687.2
1544513511,27374372.8
1544540742,35584928.4
1545024767,17642503.4
1545662207,22530092.2
154613191,34937264.0
1546500531,45157071.4
1546647257,5287688.8
1546922076,22505831.0
1547755719,26638397.8
154787093,27630238.4
1548235700,21427626.4
1548788345,920379.0
1549923926,23908331.8
1550253917,21299289.2
155043963,29679523.6
155056884,8612037.6
15525330,11135971.4
1552761888,42780299.0
1552764843,21857482.8
1553019029,26243883.4
1553350259,26593196.4
1554283260,3397894.0
1554735767,28523464.8
1555470862,30952932.4
155632232,23780303.4
1556454835,18612203.2
1557541129,27027468.8
1557614721,22766194.4
1557776093,20348911.6
1557962429,4716603.0
1558259403,12408678.8
1558445312,33781465.0
1558786314,22150487.0
1560069411,18259027.2
1560072843,8184789.0
1560663307,46161688.8
1560889869,22705800.8
1561308440,37422944.4
1561331479,23753471.2
1561334237,28413052.8
1561688102,21653643.0
1561804830,22224114.4
1562801720,14261859.2
1562841966,24989796.6
1563489982,23583177.0
1563807677,28925714.4
1564588400,38029242.2
1565193330,13376874.4
1565222536,18555808.2
1565482774,25977862.6
1565589764,23216621.6
1565591534,36684883.0
156595138,12996346.2
1566132188,36294288.0
1566373795,45636137.6
1566722014,14685866.2
1566801415,21218209.8
1566899404,24623208.2
1567108572,29570869.2
1567124119,2730904.8
1567324269,27701399.6
1567718314,25002490.2
1567721120,1516484.2
15685360,1615497.4
1570560259,20057843.6
1571332963,23751416.8
1571669313,3820797.8
1571909877,25068014.8
1572446006,23753471.2
1573377605,13771038.6
1573552780,31497974.2
15737284,22019875.8
1574642598,30739993.0
1574845881,46040906.4
1574915383,9953411.2
1575169310,34720292.6
1575325627,17933255.8
1576289277,31234054.4
1576456949,19339644.0
1577179301,22626668.4
1577203317,19205194.4
1577225037,19627577.0
1577280457,21865900.0
1577367680,22129944.2
1579307701,31247835.2
1580439748,29264259.2
1580979374,20573171.0
1581516910,24581477.6
1581535482,43361340.8
158177105,29454946.4
1581973088,25127946.4
1582079735,18114392.6
1582153669,24384348.2
1582918411,33266245.6
1582932667,28802018.4
1583152581,26287132.6
1583418568,26506685.6
1584345184,12982112.4
1585058268,31663749.8
1585404290,37950065.0
1586311193,24600941.6
1586315342,25596569.0
1586453317,3614824.8
1587797749,20272773.4
158808629,28659545.0
1588190171,14006509.4
1588195813,20442069.2
1588345140,47638917.6
1588977747,31550255.8
1589908307,7956727.4
1590373443,21273995.4
1590661832,18680390.2
159071987,29322606.6
1591530518,35439618.6
1591648528,19386822.2
1591838239,16174057.8
159254576,24625072.8
1592618501,35409484.0
1592733007,8455259.2
1593620672,9345448.8
1593819793,21008633.0
1593881532,27722352.4
1596088659,19703861.0
1596396273,35231951.8
1596652528,16734233.6
1596656076,24075482.0
1597120941,31660863.4
1597167581,19872460.0
1598027075,27745408.4
1598529424,19852468.2
1598579219,29741625.0
1598867065,37750286.4
1599567355,27039080.6
159994029,21392423.6
1600768087,13574506.0
1600911148,27080719.2
1601879671,22782427.8
1602353393,16983659.8
1602806318,17291882.4
160311230,25636112.2
1603113637,28988270.6
1603169207,2475347.0
1603965113,18264961.0
1604029643,22833422.2
1604854130,32093678.2
1605937406,33121132.8
1606293873,13544443.4
1606405966,27913075.2
1606687852,21086855.8
1606727044,27071955.6
1606986046,22210793.0
1607261076,31014345.0
1607344773,26692957.8
1607574370,27021645.6
1607704106,21265394.4
1607992811,19344417.8
1609083406,47384968.0
1610320452,23576989.0
1610438119,12034801.2
1610557757,27087371.6
1612658867,22012656.2
161359660,19937596.8
1613919491,29283641.8
1615291178,30057316.4
1615710791,24529019.0
1616052461,29264525.0
1617137408,28357132.6
161824206,24765361.2
1618611548,23216621.6
1618642010,29915010.0
1618681992,24975711.4
1619054199,22712799.8
161907109,13474550.6
1619573441,30164662.0
1619708381,28010712.2
162096643,14761104.6
1621292754,36012950.6
1621317326,21323858.0
1621736580,31739674.8
1622409915,40586820.4
1622505642,23739303.8
1622538307,28401100.8
1622981665,29258545.0
1623384046,27481257.8
1623655934,3696931.0
1623980475,19319467.0
1624253744,28340106.4
1624949961,2858340.0
1625290411,20929358.8
1625600951,34946688.2
1625609574,27614553.6
1626437563,15217814.4
1626674258,22002977.4
162722008,25569889.8
1627658612,13453759.4
1627975310,24654038.8
1629106107,34474213.0
162926555,19845384.2
1629550343,23906328.8
1629587216,26159609.2
1629643803,7723431.2
1630228584,20075446.0
1630279379,13611968.6
1630569825,20834847.8
1631336027,29626665.4
1632535663,23202595.4
1632557353,17745789.4
1632583965,14846800.4
1633360830,25655345.6
1634106584,30844759.8
163436705,18344430.2
1634625168,16206916.0
1634919976,10942271.4
1635285590,19479732.6
1635734529,14715892.0
1636322057,21707223.8
1636892588,14758659.0
16377035,27079895.6
1638035861,19433660.0
1638430995,13909825.6
1638487506,17539600.2
1638717547,24202197.6
1639333839,1365953.8
1639990361,15761584.4
1640303200,18488970.8
1640400054,28306668.0
1640671020,26137243.8
1640919122,25068014.8
1642072889,14194695.8
1642532502,13691750.0
1642805858,28022779.0
1642957741,34523110.0
1643495358,26380903.8
1643568466,20951833.6
1643620295,12579305.8
1643914860,18632591.4
164402661,21410601.0
1644400982,16415914.6
1644815944,27028897.6
1644850249,25947851.6
1645508690,23729447.8
1646467816,20447106.0
1647077641,26268410.2
1647257575,21318983.6
1647327707,25624361.4
1647654553,10085893.4
1647674114,31872386.8
164798551,24179144.0
164890155,34165738.0
1648977848,17159509.0
1649051276,12686391.8
1649549859,23100512.2
1649748344,18699469.6
1649933394,19835333.8
165200206,12986318.6
1652114233,24302818.4
1652870504,1985233.2
165447134,26663087.2
1654474728,21419605.0
1654531953,21959943.2
1654655678,35769582.6
1655117264,16739190.2
1655885803,33557015.6
1656408967,14940002.2
1656662672,31711343.6
1657095390,18045607.2
1657113850,21200634.6
1657717794,27598927.4
165778108,19556929.6
1658170941,26082611.4
1658693785,13311763.0
1659498570,38048357.4
165983127,28493931.2
1659836040,31604321.6
1659897895,32529780.8
1659940427,15222283.6
1660325198,1656382.0
1660458173,2858340.0
1660531047,18571619.6
1660774367,6336850.0
1661002035,13437193.0
1661123112,19244341.6
1661769066,28571799.6
1662385103,24053823.6
1662488329,29021690.8
1662666428,29299354.0
1662707704,20845051.2
1662980545,15012991.0
1663507226,15299426.0
1664244261,1696294.0
1664535047,18317868.0
1664537012,7096500.6
1664633281,13936620.2
166516369,28205430.4
1665696677,39940089.0
1665816909,2225501.6
1665859674,25266742.2
1666016762,26253193.2
1666037045,10570112.2
1666736798,29926429.8
1667192884,20275688.2
1668596564,39002641.8
1668927022,12210381.4
1670044894,12440240.2
1673078322,9793833.4
1673131704,15442349.8
1673190528,26596768.4
1673745979,13146859.8
1673808277,23736246.2
1674520710,29065354.8
1675304792,18451833.2
1676337198,36667660.2
1676626416,26864935.0
1676626801,17997101.2
1676644030,20324281.2
1677777034,24015588.8
1678614313,26093606.6
1678801994,8991301.2
167910682,10888916.0
1679797038,15417434.0
1680110817,26094471.6
168031461,24011599.4
168061873,10582624.0
1681357380,16916000.6
1681896366,12021649.0
1682499870,14507723.4
1684619539,36784784.8
1687130255,11729025.4
1688414695,22444312.6
1688829653,21554942.2
1688844244,20792361.8
168903539,25018763.4
1689674359,27515454.8
1690458083,24695369.6
1691053444,26363854.6
1691322781,17222651.8
1691939173,28591539.8
1692940358,24510180.0
1693182700,20960805.8
1693633195,21174848.4
1694484234,25984562.2
1695657865,23100512.2
1695772898,27830323.0
1696196745,33993145.4
1696230471,27347477.8
1696428789,12110513.0
1696879043,23796242.4
1697294554,23350409.4
1697700974,16019711.4
1697989660,26051118.8
1698103651,16358311.4
169856050,31893616.8
1699037504,35920796.0
1699110788,30077117.2
169924430,25176459.6
1699783975,23187739.4
1700043853,21279825.4
1700093004,13725720.0
1700303244,4210353.6
1701117181,25170751.2
1701588334,21719553.2
1701589386,29103732.2
1701666360,31751450.6
1702022349,21623828.0
1702047198,20924442.0
1702088520,13666698.8
1702092683,41512905.2
1702619561,37317252.0
1704169438,21472097.0
1705846659,27699306.0
1706039642,22031172.0
1706046814,29443002.4
1706661278,26565900.2
1706956734,30864914.4
1707721881,29530966.8
1707927431,1776684.6
1707941878,1233360.6
1708031664,25831517.8
1708398459,33548358.0
170846154,18670905.6
170876718,32177500.0
1709437305,27476859.0
1710136076,19703762.4
1710219667,10484534.4
1710703034,24159919.4
17116587,625702.8
1711869645,21406987.8
1713113385,5907539.0
1714364025,25255805.6
1715006792,13376302.2
1715071327,12195340.0
1716709296,28377855.8
171770953,26268410.2
1720483809,37295299.6
1720926032,10322810.6
1721845898,26762504.0
1721863898,27505470.6
1722218659,26237556.4
1722219544,30824226.2
1723009004,30094247.8
1723670393,30128871.2
1723765105,30459388.6
1723838806,11910181.4
1724893776,15306853.0
1725139160,16948245.6
1725440304,31867044.0
1725501178,25218699.6
1725681486,25870195.0
172630657,19920160.8
1726437005,19753069.2
1726460483,36035135.8
1727538054,16485578.6
1728243757,8475283.4
1728354879,29109697.4
1729294003,28631652.8
1729341905,37404276.4
1730111858,32196053.0
1730836674,13523131.6
1730966873,24970886.4
1731442072,32268973.2
1731539296,23436233.4
1731671258,12703462.2
1731895459,22390645.8
1731908944,39405430.2
1732517587,26749246.4
1732710532,21450474.2
1733776026,29468925.6
1733795208,25598403.0
1734310781,25366490.4
1734582169,29680488.8
1734610823,11635209.6
173573447,31801620.6
173647205,21032914.4
1737493119,23216621.6
1737760647,19817496.4
1738729842,23629006.4
1738967219,15074645.6
1738991450,23869025.4
1739556474,19771578.4
1739584326,16275069.4
174001793,25983466.8
1740283876,26209967.8
1740565995,25254889.4
174076851,38299515.6
1741159826,16855020.4
174155475,16920089.4
174184608,20894904.8
1742363378,27005957.0
1742514145,31868456.6
1743573729,22911586.6
1744174750,15647514.0
1744744506,11339791.6
1744862080,1562096.0
1744933255,920379.0
1744988968,29471377.6
1745355323,20144475.0
1746134419,29503279.8
1746205662,20126882.0
1746480690,5477681.8
174681942,14115411.0
1747359878,8599248.2
1747440698,26645963.6
1747514957,28926152.4
174755973,25625386.2
1747991270,24066985.6
1748875356,26958794.4
1749369404,44493240.8
1749413028,24651014.8
1749570880,26557537.2
1749901723,43273991.4
1750361100,25751065.2
1750688026,23051246.0
1751225823,26688316.0
1751297926,13460156.8
1751360072,11880048.6
1751861795,23234115.0
1752012044,24900237.0
1752158034,19592950.6
1753654937,19027023.2
1753782694,18568492.2
1753948023,24345751.0
1754306705,16672607.0
1755124940,25546369.6
1755381255,21222354.0
1755781698,24433782.2
1755937906,21465580.0
1756532483,21039192.8
175656364,4247873.6
1756847193,15881344.8
1757611801,22246369.2
1757615130,15223494.4
1757782121,29276308.4
175810421,27389689.6
1758285759,18953320.4
1758659969,27037101.8
175893382,7508186.8
1759043869,22820212.6
1759210199,26246502.2
1759931361,18879032.2
1760235933,13264318.8
1760653534,28079244.8
176086997,22689997.4
1760886126,24906655.8
1761570399,22816506.0
176160971,29547412.4
176209287,19392887.8
1762247308,28292340.0
176230486,16080592.2
1762541807,34653542.8
1763128315,31317428.4
176524368,30746567.8
1765356109,28981032.6
1766676095,19607755.4
1766869024,27261499.2
1767003035,32772154.2
1767129245,39002641.8
176793362,25070525.8
1769819935,33956055.2
1769830256,6563023.8
1770249214,30775780.2
1770453587,29317170.2
1770479433,28007816.4
1771457699,1365953.8
1771970232,12272634.0
1772005623,26367540.2
1772142112,8940325.2
177224827,34259869.6
1772558965,10497778.4
1772905707,25834448.6
1772961341,1742876.6
1774178760,14275707.0
1774865955,19345943.0
1774928274,23196847.0
1775694000,20160030.4
1775977748,25361083.8
1776545354,20370344.6
1776661682,19391579.2
1776689049,40055335.0
1777078655,20836243.6
1778033056,31041154.0
1778564935,29355412.6
1778817952,20483413.8
1779027136,11443820.4
1779441152,19978560.4
1779587613,15161377.0
1779729821,5394757.2
1779752448,20972390.4
1780106336,15592023.4
1780897562,30178689.0
1781549871,16654580.8
1782750702,23815504.2
1782795742,19222014.6
1783211610,31246299.0
1783361279,27230631.6
1783927062,31387490.6
1784003284,19773919.8
1784303360,48037588.6
1784875135,15425850.8
1785337401,22558375.4
1786596222,19282102.2
1787322521,11729025.4
1788435940,17635337.4
1788555372,19479732.6
178901494,11460376.6
1789535259,25505563.0
1790014943,8674489.2
1790767904,11342378.8
1791400073,15782245.2
1792016264,21069436.0
1792488399,15629887.0
1792515981,25700627.6
1792559771,22543973.8
179291279,13355796.4
1794355873,23870397.2
1795012208,22282798.6
1795112460,29355412.6
1795176550,24760399.0
179525834,3458566.8
1795602202,10324581.0
1795606172,15689150.4
1795614622,28124587.8
1795806549,39517940.8
179584121,13607733.6
1795889126,35144914.0
1796116403,22035499.4
1796552926,26248422.8
1796828348,12986318.6
1797832781,30331757.0
1798529911,20836243.6
1798614789,3458566.8
1798699284,13524471.8
1799056940,10184641.6
1799211709,26819888.0
1799261863,22533933.4
1799326521,14824322.8
1799744991,29930377.6
180022915,44108898.4
1800749408,27031346.4
180078780,28193155.2
1800836003,19240174.2
1801474339,26649993.6
1802493796,30637738.8
1802697767,37433678.8
1803854013,21067113.6
180412483,27697720.2
1804239808,21069583.0
180435922,39533128.8
180442009,25971624.6
18045429,15049871.8
1804779174,20358462.4
1804866305,20231565.0
1806903214,6825789.6
1807997703,23377354.4
1808003135,21840922.0
1808764133,4767371.0
1809144248,7990523.2
1810962014,14685346.4
1811060976,15941478.4
1811771508,26910925.2
1812071509,13735846.0
1812302207,38706572.6
181232508,10948699.2
1812857030,22141229.4
1813254872,23895648.2
1813316595,21147423.0
1813448113,28062443.2
1814483196,27306957.4
1814641162,13049616.8
1814728524,24524901.6
1814907428,20907591.0
1814978741,17041895.8
1815447033,12726443.8
1815738315,23552896.2
1815907735,21736173.2
1816226657,26675459.0
1816660037,24565010.8
1816809145,25741819.6
1817126225,28898660.2
1817642771,21817438.4
1818420386,23977856.2
1818549757,16397007.6
181930949,41331076.0
1820536462,29252523.6
1820718918,34653542.8
1821339602,19317316.4
1821527103,29549438.8
1822328263,22563419.6
1822429217,39410986.8
1823489756,21199973.2
1824403119,1233360.6
1824838847,6863390.6
1824950572,28394295.8
1825059086,27741107.2
1825341042,20315314.0
1825350523,36788703.8
1825588312,35531648.0
1826631403,3234579.8
1826701813,11122358.2
1828751957,24864033.8
1828811427,22095239.2
1830012984,31317428.4
1830661783,14083488.4
1831067564,32071374.2
1831534866,18647740.0
1832090295,26180219.6
1832548753,14261054.4
1832562741,22846625.2
183261008,23406874.0
1832717665,21078734.8
1832960673,33845236.4
1833020166,32942819.8
1833706259,12045737.2
1835203048,22099421.0
1835351538,15464374.2
1836010798,15924131.0
1836811096,24168466.0
183681243,10235858.4
1836987260,26143209.4
1837005818,17321223.6
1837383029,17792473.0
1838044713,24571931.6
1838577064,27278343.4
1839339142,12874115.4
1839787224,21167406.4
1839914690,44493240.8
1840552452,21136902.6
1840876629,17994229.2
1840889530,34986868.0
1841041805,20747516.8
1842050033,23977624.2
1842353536,7874897.8
1842507581,33269128.0
1843103687,23406415.2
1843106667,13030048.0
184364998,23667145.4
1844114621,24369182.8
1844400215,31928874.2
1844835543,26067932.4
1845110914,17780465.0
184540592,26091621.4
1845995648,32087694.8
1846137609,29972474.0
1846591,19194648.4
1847054966,19993091.6
1847150368,23778742.2
1847339053,26047426.6
1847973982,30516647.2
1848578834,13135069.6
184881813,26923286.4
1849160248,6563160.2
1849860470,25589406.8
184996575,26643263.4
1850894199,18955264.6
1851148132,26378682.6
1851591417,8940365.6
1851830642,30496631.0
185210009,27726438.2
1852580754,26379589.4
1852779090,27851395.6
1854106784,26479491.8
1854263187,30009428.8
185435567,17712110.0
1854628310,21653754.4
185475086,10941220.8
1854908358,29166737.6
185583752,30079929.8
1856292606,24483581.0
1858051447,7096500.6
1858752827,12144129.4
1858882574,27918759.8
1859080601,11815287.6
1859470905,35605919.4
1859514173,23351898.6
1859768578,29299354.0
1859821935,21603411.8
186049934,20029649.6
1860735595,28955940.2
1860793426,29122565.6
1861136023,25317108.0
1862197689,22128882.6
1862848849,12580634.2
1862976121,12810979.0
1863667731,20164586.4
1863970879,31480995.8
1864042146,27925428.0
1864294958,23730735.6
1866274078,23735240.6
1866515652,28774238.0
1867066422,23282944.8
1867729589,29207479.4
1867792421,33022046.8
1868294914,27991526.0
1868336201,14285897.0
1869369572,27819617.8
1869661089,22531095.4
1869756633,11427152.4
1870022469,26661856.4
1870606375,19371511.6
1871098842,32032593.4
1872501987,36821668.8
1873012060,27988690.4
1873556690,1223872.8
1874406272,19429426.6
1875762520,35658657.2
1876246151,22759208.4
1876661931,2840401.6
1877377853,25038404.2
1877594152,12279135.6
1878406837,20857977.4
1878766314,19510910.8
1879757367,26513289.6
1879772258,37577852.6
1880839579,30904875.0
188086453,31609676.4
1881373644,30756565.0
1881438453,18595700.2
188165434,31755367.0
1882410793,14074607.0
1883517059,12663709.8
1883665524,25127946.4
1883687008,20947014.4
1883696145,27319767.2
1884847148,14715892.0
1886344380,22564240.2
1886769185,34143967.4
1886987043,7793959.8
1887047868,48037588.6
1887305432,30855917.6
1887367976,32151986.2
1888095791,29316288.0
1888143699,28074958.4
1888437149,33348228.4
1888442337,21237327.6
1888696517,29296145.2
1889193254,45614728.4
1890593527,11367586.4
1891418251,21032914.4
1892236371,11694999.0
1892346723,27398097.4
1892801987,13897661.8
1893376593,38082249.4
1894979055,45823921.4
1895560758,37375196.2
1895867403,17756239.6
1895879680,23293846.2
1896320158,24693838.2
1896475785,19150778.2
1896602639,32837345.0
1897117523,16797227.8
1897364457,27134836.4
1897452640,28598655.0
1897579422,19074114.0
1897942466,33302161.8
1898495626,22366969.4
189860397,24636277.6
1899178209,32483524.6
1899404884,24984271.4
1899573155,24534109.4
1899738295,22109117.4
1900560867,28950732.8
1900590714,43943606.8
1900909864,32992721.8
1901004693,29465278.8
1901036315,24875212.0
1901334447,25389268.8
1901531819,23914664.6
1903062865,48444659.6
1903089822,32718471.6
1903745145,19505111.6
1904220604,18067473.4
1904359892,30838605.0
1904612417,6866320.0
1904644745,11246060.2
1904699622,24484073.4
1906505674,14750630.4
1907477896,30144248.2
1907967488,25155914.2
1908683122,26755359.2
1908814569,28052001.4
190975230,32372919.6
1909894805,29306825.8
1910377123,30593361.8
1910683521,11125171.0
1910784588,22320227.4
1910832656,30321048.2
1910854293,29787245.6
1912467905,16902722.2
191377567,24825731.2
1914321864,23928543.2
1914600378,18422423.2
191482132,21727255.8
1915110800,31783151.0
19156896,21451369.0
1917159237,26417086.6
1917282367,23650984.2
191737931,17881027.8
1917503119,20921206.4
1917527704,7958238.0
1918044574,22818981.6
1918233778,18879032.2
1918352299,24989796.6
1918360487,20695908.0
1918520817,32718471.6
1919183481,27726068.0
1919208521,24096596.2
1919243833,18539473.6
1919329512,11409079.6
1920199628,29849492.8
1920256938,36760308.6
1920930251,16455829.2
1921559595,38367553.0
1922533431,30622883.0
1922550637,25547203.6
1923243961,48440059.0
1923526983,24841260.2
1923868997,32288136.6
1923881461,28403361.2
1924752407,12892827.0
1925307864,16587674.8
1925628019,11618862.4
1925723673,10498312.8
1926315178,23869025.4
1926564553,11175212.4
1926691886,24398335.0
1927667195,28668580.8
1928017333,24473416.8
1928560987,13258611.8
192886119,1574095.0
1929043439,22783386.4
192923676,10420342.6
1929455259,34277702.8
192955606,20639700.6
1929612636,25680262.4
1929613301,37220555.6
193086515,24805139.0
1931174724,3855928.4
1931757627,36877359.6
1932627280,48037588.6
19327705,30720290.6
1932836320,24107035.4
1932879035,20665710.2
19334151,28044814.2
1934168687,14510681.4
1934229547,37432598.4
193428884,30911029.6
1935878474,1573055.8
1936159281,21398519.4
1936367122,16723393.6
1936486439,15261370.8
1937012872,38129567.6
1937517158,34779721.2
1938125537,24183604.2
1938473432,30022658.4
1938743280,24776166.2
193924465,22427196.0
1940076231,27560652.0
194039587,29076607.8
1940684810,28580650.2
1940807669,20067441.8
1941390029,39160816.6
1942383551,10040642.8
1942733658,22976871.8
1943060459,7926780.8
1943182278,29317505.0
1943373950,22100402.6
1944127807,28324124.8
1944553326,38780656.0
1944948226,19634718.0
1945020467,28035686.0
194567280,28486650.2
1945681734,28738559.4
1945782318,6737493.4
1946119606,32082300.4
1946270616,26457880.6
1946443471,23979268.0
1946515759,22694573.8
1946592059,25491307.6
1946666513,28645679.8
194694638,27271166.4
1948878169,26779811.6
1949765796,32978003.2
1950201058,23754196.2
1950973678,28802275.6
195259674,36364898.6
1952614890,32364688.6
1953501873,7501928.2
195410763,15063263.8
1955314717,14254282.2
1955432817,28139770.8
1955614886,21036623.6
1955760883,10693410.4
1957235969,11682437.4
1957304311,17300754.8
1957593320,23763454.0
1957796636,16499496.2
1958422281,36872019.2
1959519835,35815126.8
1961076530,1314511.6
1961286560,24830917.0
1961394909,35801507.6
1961765898,24352012.4
1961905320,27581989.6
1962838586,25992923.0
1962934363,31426073.4
1963232448,29833935.4
1963562520,17034826.8
1964262681,28074669.2
1964459818,16720214.8
1964629036,13558974.4
1964855818,14794197.6
1965389750,22802841.2
1965441451,25018763.4
1965723498,19782089.4
1965835461,28912041.4
1966015500,8120078.0
1966964193,27531982.2
1968196713,22223728.2
1968287716,2171209.4
1968343855,9509587.2
1968465470,28175087.0
1969167691,33865037.4
1969346241,19510671.6
19693814,27118587.4
196942129,11539485.2
1969647810,35791145.2
1969742960,25635758.8
1970380552,2892362.2
1971386115,30168030.0
1971505485,913457.6
1971896441,30548031.4
1972116695,17642586.4
1972350442,12971668.6
1972765916,2866887.6
1973467302,16597718.2
1973493369,25546142.4
1973725295,44493240.8
1973757652,18261421.8
1974738442,8018062.4
1975170856,25644584.8
1976702458,20570320.6
1976957121,39573711.8
1977710546,25593766.4
1978888892,17716633.6
1978899497,26029204.6
1979431054,23021005.6
1979596579,21853917.6
1979839856,25900724.6
1979931149,24396829.6
1980120300,27069585.2
1980582945,46735791.4
1981060358,37300345.2
1981736391,2613324.8
198187683,27846571.0
1981928952,27236906.8
1982635176,37484163.8
1982908792,33781830.4
1985475842,20162242.6
1986171846,13942577.6
1986279721,23306700.4
198632987,31252449.0
1987327479,24916173.2
1987666182,25482422.4
198828595,3200641.2
198883212,22427484.0
1990048935,25246739.0
1990445485,13684374.2
1990552166,20703816.6
1990660302,1895649.2
1990984540,21987275.6
1991439490,29006217.2
199150770,16715315.0
1991834430,25798333.8
1992733806,24708518.0
1992962757,19299629.4
1993630154,9571876.8
1995224750,31658374.6
1995318007,26248388.6
1995339394,24555318.8
1996020221,29926429.8
1996236533,22279152.4
1996436465,24121345.6
1996761843,37016765.0
199677833,23812317.6
199758714,31701593.6
1998632037,26450756.8
1999031320,27840095.2
1999249396,27979198.4
1999605295,25356112.8
1999816124,2033586.4
2000347986,31936545.4
200041020,29949614.8
2000584028,29684756.0
2000902559,14408907.4
2001564721,32673846.6
2002038013,26826225.2
2002404734,28551452.2
20029600,15018245.6
2004697443,17524765.6
2005284845,21243810.8
2005287921,24160980.0
200582245,26267140.4
2005894991,18962737.8
2006608401,15132731.6
2006823210,27307476.4
2007716403,19388359.8
2007928321,32444439.6
200839985,21362248.8
2008862417,16322635.4
2010192399,9424761.6
2010286340,29755057.8
2010443578,22444052.0
2010479566,22928378.8
201055248,21091898.0
2010868700,28573013.8
2010947351,25776739.4
2012305591,20850350.2
2013387937,22840890.2
2013408541,32862807.4
2013641040,41073821.4
2014875162,24787042.2
2014992605,18361232.0
2015589007,39491207.2
201613561,23056186.4
2016361594,27098150.0
2016421842,26958294.2
2016647233,19946274.4
2017029610,25975181.2
2017077197,1779724.6
2017078937,25471063.8
2017191725,21828809.6
2018383254,32106022.0
2019233977,24541573.2
2019378960,17242073.0
2021966053,17169326.6
202371458,13987666.4
2024731284,32339962.2
2025261850,19511349.8
2026112332,20151187.4
2027572523,16889245.6
2027698248,11611526.4
2028172074,28347450.2
2028433450,27662518.8
2029121195,29237527.6
2029822552,25915810.0
2030114890,11614802.2
2030813906,29618091.2
2031334949,25003377.4
2031744734,22957741.6
2031787098,25766115.2
2032154038,3677626.6
2032277704,19239002.6
2033311777,15842512.2
2034080287,27402380.6
203457401,24969174.0
2034726326,35722753.8
2035828528,8031802.2
2036342515,22742774.4
203692684,25700207.0
2036967215,29290222.0
2037160701,18360598.2
2038024888,13987666.4
203831916,34044603.4
2038489562,35363262.2
2038722327,29145079.4
2039942615,20973321.6
2039956296,19467237.4
2040053635,45540746.6
2040063058,34571604.8
204026342,22899231.0
2040725785,22465110.4
2041026525,24040117.8
2041042967,29035583.4
2041378428,20560034.4
2041531962,38077344.4
2041546283,24289954.8
2042137471,3672954.8
2042268384,10791610.2
2042812302,28705960.6
2042918322,19840645.8
2044088860,30605886.8
2044425220,17034025.0
2044769449,25865702.2
2044857103,24602728.8
2045584134,30116662.4
2046973849,22345235.8
2047161980,8440175.6
2047751510,34544074.4
2048141973,25068014.8
2049323264,20716685.4
2049689655,38451452.6
2049878637,16223875.0
2049961097,22853067.0
2051279869,31105162.4
2051380720,26039767.2
2051419461,15468000.8
2051568929,25998428.6
2051910093,29473468.8
2052316250,21348442.0
2052740646,21402803.6
2052803958,15799161.8
2052926249,12965269.2
205330197,18085961.0
2054043392,30022658.4
2054480069,20709817.4
2054918937,34317433.0
2055241392,31544277.6
2055600383,20352897.4
2056246508,35533095.4
2057013095,25859637.8
2057025891,20712172.4
2057226721,36890784.8
2057680085,20592065.0
205794295,24352553.4
2058237724,15977480.0
2058263668,23022009.2
2058418470,16181177.2
2058509181,33199502.0
2058785060,20777706.6
2059516238,11615637.4
2061696277,24712409.0
2061764779,27809544.4
2061918698,37573153.6
2062110117,32051515.0
2062317322,38775599.4
20625318,15061883.4
2062852190,31928874.2
2063246350,25652084.0
2063674040,13144250.4
206389858,23589684.8
20653466,25751065.2
206572719,18669346.2
2065822600,32790742.6
2066854946,17968028.8
2067305346,15760861.0
2067314180,31369307.0
2067328997,28542745.2
2067336369,26489259.8
2067984481,15895857.2
2068207140,29260118.8
2068506504,24168232.6
2069011219,33040406.4
2069216227,20244520.2
2069530527,45636137.6
2070066319,23844819.8
2070460953,22587422.4
20705034,22799845.6
2070862888,22352418.6
2071108961,9558056.0
2071210973,28820940.8
2071717542,24921014.4
2071930,32147113.0
2072126984,18475460.8
2072789669,26908498.8
2072954040,14006509.4
2073873772,21246599.2
2073948542,22388623.6
2074827118,25257611.6
2075864965,23780953.4
2076240612,25297043.0
2076370422,29787245.6
2076538456,38275553.2
2076935441,16485578.6
2077327239,23145005.4
2077710984,31057434.2
2078096366,24996266.2
2078242859,34277702.8
207886353,24675997.6
2079037024,23739303.8
2079456865,6137525.4
2079508163,19764940.4
2079552949,25971624.6
2079723566,20343338.8
2079951456,23729447.8
2080261623,10245882.6
2080709222,20468824.4
2080732856,27857832.0
208106303,10160444.8
208131019,19892550.2
2081310524,12873078.8
208140899,11505493.0
2081448139,28211957.4
2081858668,21912138.8
2082076341,15785799.2
2082273024,18574264.8
2083448006,28585929.6
2084557965,29505218.0
2086128634,35703782.2
2086978827,29939388.6
2087820034,9897112.2
2088969715,13931359.4
2089270505,6256244.0
2090294173,28845648.8
209049581,20582493.4
2090552787,10284870.0
2090615912,24135706.4
2090700039,1544064.6
2091434754,23858549.8
2091456928,31810259.4
2092515389,751920.8
2093243192,48203799.4
2094340763,35941764.0
2098523317,15780555.6
2099255300,26807250.4
2099545508,22191816.2
2099764343,16854300.2
209985028,38674125.2
209988785,25186458.6
2100035633,30423035.4
2101096113,16320038.8
2101205247,20251868.2
2101483319,25965758.8
2101664526,19511349.8
2101914095,875590.6
2102079746,27865522.6
2102366851,2087427.4
2103009098,20626546.4
2103433447,13362486.2
2103497377,29874712.0
2103793743,8599248.2
2105023395,22464930.4
2105609701,18639749.8
2105852286,23218670.0
2106338108,13754143.4
2106363286,2087296.6
2107068530,12873078.8
2107751377,12986318.6
2108745085,29957023.4
2109000188,18539819.4
2109035625,30962282.2
2109045312,4384235.4
2109398679,23836422.6
2111011766,30803770.6
2111453379,12423819.8
2111464986,14960701.0
2111587424,18104400.0
2111802125,29787245.6
2112694084,12436069.4
2113049479,27374912.6
2113087131,23597138.4
2114051470,34303792.6
211419569,30260039.0
2114376954,13752682.6
2114491672,18983760.8
2114709216,29644923.0
2115425991,19410019.0
2116022538,25644237.4
2116880369,26628867.0
2117564801,31571744.8
211801886,16990360.4
2118180017,26368395.8
2118316109,35373059.4
2118640537,22109117.4
2118733191,29511097.0
2119153068,19441347.2
2119226014,25740404.8
2119980654,15027410.8
212007592,18595145.2
2120169420,23989566.4
2120273955,28461282.0
2120934695,16485986.4
212198464,22657446.0
2122402736,27502796.0
2122859891,7945403.2
2123127162,16440315.4
2123322342,29802129.8
2124443830,20918102.2
2124458115,31105838.4
2124576311,16105146.8
2124669217,7142043.6
2127422643,23890822.8
2127467089,28475395.6
2127528282,19597070.2
2127547586,21516693.2
2127805188,19105682.0
2129202465,38833135.4
2129738903,30306963.4
2129899467,18871899.6
2130405130,36760308.6
21304149,15143449.6
2130486935,30826314.4
2130499839,30546748.4
2130505106,23753471.2
2130540228,29967373.8
2130632982,18263028.2
2130926757,17531487.2
2131475928,25716941.0
2131992792,25981047.8
2132437848,24206812.6
2132892694,31673208.8
2133156473,24498386.2
2133241779,10425409.2
2133326148,13908952.0
2133393237,24473722.2
2133535615,17871023.2
2133808067,31239339.8
2133970291,31670973.8
2134232057,17941974.0
213439290,15728780.6
2134733467,23559373.2
2134844617,14780074.8
2136033932,18085145.2
2137801371,28907148.0
2138253674,6105530.4
2138914806,17891651.6
2139225250,27481844.6
2139587024,32559138.4
2139860001,18647740.0
2140015263,36793042.6
2140378160,28570461.6
2140411487,20367978.2
2140509127,5718148.2
2140731938,29940337.2
2140990861,20129042.8
214183849,6338038.2
2142835830,22835055.2
2143227248,16073240.4
2143457307,31561318.0
2144701601,21471172.2
2144756834,26156736.6
2145274131,13413815.0
2145499088,27471140.4
2145859440,24967344.2
2146132452,34842752.2
2146270165,30278298.8
2146361020,16062882.4
2146908755,26406579.8
2146939378,3614748.8
215856971,18802459.8
216001876,13427212.6
216551209,1501466.4
216780206,12965269.2
216963205,35425602.4
217060082,27693062.4
218199743,15380913.8
219469142,19783869.0
220743032,17940137.0
220782474,35373408.0
220865871,6356401.4
221683713,14184831.4
22262023,22908904.2
222945080,14153468.0
223455906,19685175.8
224267098,21362676.8
224516504,29703751.0
224757189,22354528.2
224845179,36809203.0
225991333,15738390.4
226501251,36939981.6
227106626,30671881.8
227975390,13530838.6
228030886,26312821.2
228045242,28919104.8
228274737,33601360.8
228392309,17581470.4
228916106,17241538.6
229006242,17804561.0
229047052,11150315.4
229113738,23075981.4
230135526,24932785.0
230326934,16534068.0
23103344,28275988.6
231298651,30098731.6
231533417,24909776.8
231743972,29712563.4
231930234,18186119.6
232027407,27403027.2
232805623,32192919.6
233438004,24606629.0
233565853,25485589.0
234192264,23873257.4
23586750,32994890.6
236710499,37422470.8
23686776,23379104.8
237474395,14341494.2
238199192,22329033.4
238539977,24082315.0
238681160,14502311.2
239640082,15027410.8
24054496,21513139.0
240960814,27893702.6
241063640,28182703.4
242542221,34133901.4
242767402,21775596.2
243508913,22737455.8
243573371,28505296.0
244400081,17253652.2
244529517,15803732.0
245008472,25624361.4
245136573,31948206.2
245467192,19483634.2
245588037,3614748.8
246630780,23503151.4
247145135,20935803.6
247235728,22954853.4
247613560,20813261.2
247768640,35835931.0
247938980,21623828.0
248492702,27617559.4
249351045,40311605.8
249366252,26384758.8
249763292,2712389.6
249780770,24861414.2
250428502,22326114.6
251228922,14271779.4
25177348,30453310.4
251831841,37592805.2
252693566,25181623.6
253583470,32965824.8
253775072,17361381.2
254682954,29082653.8
255656520,20231565.0
255881649,23857358.4
255901688,17065566.0
256217037,2907770.8
256617664,18767409.8
256946052,17943904.8
260069838,25740977.0
260105364,31855114.6
260131815,21138612.4
260346949,23774612.4
260955881,13199297.8
262214459,21970237.0
263366519,28027370.4
263469624,25076741.8
263984874,1581892.6
264448990,36168695.4
264664705,34137786.6
264716265,14220615.0
264738263,24626345.8
265465161,29961173.6
265623066,9842319.2
266316518,17586141.2
2666652,22997839.2
267434407,28386395.0
267858759,12904266.8
268136318,8961390.4
268716817,29347982.6
269248670,45050076.4
26933231,5985818.6
269914904,28119162.4
270906952,12189896.4
271408873,3058887.8
271413633,24229952.6
271573574,22304951.0
272101269,27580251.6
272158141,31299242.0
273595483,23824500.6
273648163,28377855.8
274128360,26030625.8
275262683,25668088.0
275982455,38292895.8
276179308,35533095.4
276982395,23547534.2
277248385,23245483.4
278039129,17470645.6
278590045,27926254.8
27870347,8220714.8
278871356,9398318.8
278982021,26154979.0
27926562,15797499.8
280180078,22313567.8
280699977,21271677.0
280847504,23796242.4
281177678,12220787.6
28150401,24078243.4
281514878,31176634.6
281571243,35441995.0
282045677,29107978.2
282077332,25895824.6
282090531,22299816.8
282122041,16984177.2
282236366,24055408.2
282630295,28193155.2
282861389,23499693.0
282897271,29067734.2
282976212,3313207.4
28315401,20044807.0
283313652,39928471.4
283815234,2865762.8
284641506,20286403.8
285946155,32559609.8
286348387,26110752.4
286686392,33694893.0
287346123,34632478.4
287348519,13908952.0
287364787,34309161.2
287469856,8448390.4
288013742,16810732.8
288067094,32097277.8
288431696,22241393.2
288840453,23200399.4
288914088,24363215.6
288954511,32021873.4
28922321,33741982.6
289401335,9197194.2
289916724,26987990.6
28997795,1516874.2
292421346,22420171.0
292816482,2266903.6
292905699,27015735.8
293116393,32941136.2
293149344,25292165.2
293321906,23005003.8
294794256,30284773.8
295121444,27655496.6
295591342,34695970.6
296003783,31595042.6
296298437,15353716.2
297592436,29559871.6
297698604,17685605.6
298103383,12616529.2
298105681,18335564.0
298411266,22424078.2
299780207,3200641.2
300148624,17295103.0
300368947,15557545.0
300717475,27345795.6
300891897,13541053.6
300943209,25127946.4
301033616,27454469.8
301122706,15792189.2
301218412,26292999.0
30166674,24259966.6
301803983,7804544.8
301919813,35216826.0
302498114,7263573.6
303097019,34653542.8
303194240,20105363.4
304029996,5842576.6
304129540,23930171.2
304163639,37498516.6
304283775,27683452.2
304522764,11336357.2
304573399,33665517.6
304850754,20812485.6
304892356,26462028.6
305204931,21163113.4
305568906,25957538.6
305621118,15433272.0
305786144,11152690.6
305837928,11694782.0
306864913,19826033.0
307243855,31095740.4
307316422,30694430.8
307457033,27683424.2
307647822,23087841.6
307670221,31170823.2
307741861,36038647.8
308682858,31590424.0
30955620,14316984.8
30999662,18568526.2
310035446,27790113.4
310353509,20703816.6
310568336,6373111.2
310775796,37943254.2
311107634,40146365.0
311504505,26897434.8
311826249,31920098.6
311995776,27933297.0
312736365,10051051.4
312941568,26019128.4
313964120,27116123.4
314163505,19239862.8
314170744,25431891.6
314633532,30324377.8
315129893,24727084.8
315134007,16275805.8
316499886,26669343.0
316603753,29039623.4
316627171,22695318.4
316895145,17333555.6
316912604,36226902.2
317350729,27036605.8
317440703,21912826.6
318470911,13059191.2
318487088,6484225.8
319452057,20942354.6
320002238,28019567.6
320022328,20214774.6
320094880,21948865.6
321281603,26996707.4
321543978,11154108.6
321906603,14354362.8
322954553,34605159.0
323620345,16821105.6
323702308,11180190.4
323924461,15463319.6
324103039,32030718.8
324748150,26856583.0
325001188,15416632.0
32512316,23062218.0
325697320,17019737.8
325942881,28739337.8
32638361,39531278.6
326818048,6387702.2
32792883,21263652.6
328865892,24762252.4
330277271,38322078.4
330466807,21117724.6
330789547,32506008.0
332174626,27191363.2
332746748,26208947.6
333206388,26251564.4
335398362,30426109.0
335755738,31092456.6
336213069,15346775.8
337507689,27689273.0
337756045,8185595.4
338149793,18661633.6
33817177,41021097.8
338607032,21691794.4
339032264,29112330.6
339846368,9374890.0
34060202,23433146.6
341050644,15507081.2
34164562,21653754.4
341672973,8967889.2
342230662,26829504.2
342279873,26319646.2
342322253,23672153.2
343945736,15101564.0
343985399,1087074.4
344335909,23222482.6
344640432,29422899.8
345181085,17322571.0
346983698,32862541.6
348481867,23142211.2
348486495,27327774.6
348660340,14560193.6
348876771,15999992.0
349291703,19684149.8
34931189,1630756.2
350119945,32935314.4
350527067,18836832.2
351331050,24330397.8
351482320,7094728.2
351509644,30494227.6
352695344,33365323.4
354187699,15559800.0
354191963,19284965.4
354269196,28407875.6
354877396,28804902.4
355535938,23704485.6
356431921,13377815.8
356854390,47959172.4
357382324,18960937.0
357626827,26992578.0
357789168,1067056.6
358151918,7059809.6
359406630,37433678.8
360262154,14279755.6
360361183,29827988.2
360656492,44076158.6
361671709,9803239.6
362806359,24968828.2
363125294,20988914.8
363631303,16374368.2
36365027,13251640.6
363685327,16112950.4
363885653,32299646.0
363936828,20192163.8
364274381,20051474.4
36450259,26263353.0
365546944,27294371.6
367028683,29505218.0
367214620,7362557.4
367264529,27607766.6
367278065,19892691.8
368363452,11888562.2
36849759,28912890.4
368670844,18133325.0
368702529,39326948.0
369856026,29790610.4
372742618,2453109.4
372844561,12158241.4
373178867,15799161.8
374132339,25352127.8
375594805,34142755.0
376246033,27766318.2
376672412,31430409.6
376706522,20664157.2
377237175,26865411.0
378114405,17764627.0
378248729,16762330.6
378355474,31268367.2
378470871,31940550.6
378616992,16022491.8
379022420,15943309.2
379210074,30345797.2
379631415,12723905.0
380038502,920379.0
380069021,5843349.6
38058221,32631329.2
381232081,25028300.0
381934185,24056652.6
38227338,13844817.6
382646453,23325002.4
383059897,25680535.0
383842691,20420326.8
383951014,22762127.0
384755092,43943606.8
386442102,12034801.2
386995963,27035983.8
388384605,18344726.4
388529663,21264542.2
388927603,17300754.8
389079613,23813627.4
389189559,12249349.2
389254541,13364189.2
389284421,27562082.0
39008491,21954157.6
390643792,25686512.2
391234021,16350276.8
391889473,26924266.4
392270446,15964403.8
392708749,38315166.0
392842694,16423066.2
393075721,28644355.2
394827898,25105442.4
394845623,13106149.0
395308430,43262491.2
395409620,23735240.6
397127294,23207052.0
397595362,16202406.6
399014201,14246804.6
399832716,19822062.2
400220959,18546204.0
40045420,34108378.6
401398778,21961862.0
401755902,23107107.6
402245791,36053518.4
402646525,23729447.8
403059334,40075890.0
404368978,46620797.8
404418984,28986447.2
404538868,21653643.0
404990617,13070141.6
405613802,29535608.6
407459979,27266926.4
408452495,40143274.8
408794176,30039852.2
40908491,32994890.6
410025588,23038524.2
410510944,3706522.6
412373157,26717036.0
412526212,7168673.0
412881160,13887990.8
412948933,12908230.4
413268740,25551606.0
413730725,25219510.2
413990424,4064259.2
414737101,19010161.4
415257955,33300334.8
415940645,21485468.8
416377386,22380385.8
416906269,35441697.6
417104543,35327941.2
417535915,27618196.4
418024334,11997461.0
418275877,27001661.0
418350263,33479745.8
419460828,21050330.4
419900140,20051295.2
419979587,29235029.2
420519707,19827894.4
420627635,30848188.0
420650664,24917854.4
422246855,23013840.8
422675999,24551837.0
422894796,18753412.2
423141445,39652745.6
42323522,25693667.8
424045889,32055067.6
424555504,25644184.6
425415049,23485943.4
425567041,25463396.0
425888815,33027557.4
426907115,29257299.4
427149670,11088127.0
427375210,27266563.8
427429721,10450082.0
427760151,27794984.4
427763429,23306700.4
428917687,28490461.6
429308347,31564565.6
429491430,20170780.8
429578330,17483414.6
430621156,7701376.8
431034914,8226456.0
43112697,45742214.0
431878192,32706781.6
432241754,31564565.6
432516399,32209060.8
432684208,22947212.0
432695730,18257291.2
43303881,11838894.8
433865661,27571985.0
434370668,17522022.8
434636426,23199920.0
436769483,29787245.6
437473914,31948206.2
437665247,44108898.4
437938824,23807703.4
437950948,39689305.6
438232368,26765173.4
438633294,21744226.0
438903606,30976770.6
439219669,30144248.2
440363470,31718822.6
440655160,8553855.2
441283925,11050753.0
441960828,23524332.2
442434310,29163575.2
442489148,38153518.8
442563989,35015028.8
442797407,14248258.8
442836719,25056678.2
442994108,23934888.6
44324029,8798629.4
44341278,30614721.0
444244451,18132220.2
446793155,14684559.2
447033565,21800905.2
447327858,20809366.2
447513558,37659631.0
44819727,26436572.2
448346626,17942249.6
448593480,29792636.8
449023004,25132856.6
449223774,36809818.8
449274025,27154102.8
449283120,44618819.4
449385871,16893199.6
450538314,16280799.2
450769375,23908524.8
451860145,30309160.6
452493012,4838403.0
452805029,39850975.6
453584379,21188764.0
454253941,30074426.4
454301633,18171403.0
454576310,25068014.8
454725769,19694480.2
455448902,20224027.0
456206820,16031403.0
456580358,22587206.4
456916377,26793396.0
457792259,17881672.6
458349901,9339932.6
45843121,32603964.0
458682370,20917709.8
458941360,26593196.4
458968879,19055875.8
459947164,26239441.2
461089143,22950417.4
461487257,35390855.8
461558258,14617314.4
461597069,30423970.6
462951203,31188206.8
464978165,29274266.0
465297287,28023974.8
466159944,25242945.8
466902104,18054190.2
466909708,12609471.6
468372015,37898729.2
468381762,20703816.6
468941511,14444165.4
469128429,14914165.4
470133493,38050488.4
470215356,29969618.4
47093571,23760833.0
471581397,21328300.0
47158458,17946338.4
472246049,19463464.0
472401236,26802168.8
472434486,2091129.2
472813142,24088408.8
473014096,22626668.4
473576430,26536913.2
474052134,13965181.0
474206182,24979193.0
475130215,14110044.6
475779483,19237817.6
475937957,28106613.8
476248197,31264094.6
476753180,12034801.2
476804737,25653269.4
476919016,21854003.6
476948252,45729527.4
477007410,40086986.4
47732956,4882335.0
477689927,15848286.4
478593354,1286958.8
478674114,22703765.8
479177652,25737580.8
479326775,18646002.8
479884803,29987828.6
480158197,27152087.2
480461629,26584449.6
480851597,4913159.2
480956393,25922054.0
481605746,34057458.0
481920571,26642146.8
482243145,20110186.6
48233383,22656490.4
483459962,29901236.2
483753975,31642947.6
483812676,2494364.6
484975664,25291111.6
48536127,8390273.8
485444965,29199802.8
48604513,23330762.4
486128668,22110641.0
486898239,25618387.4
487429030,24318014.2
487623440,12426652.2
488408476,24769003.8
488815657,23085073.2
489039620,7272423.0
489348120,29697678.4
490689404,15419792.6
490760531,38978881.8
491048514,25959721.2
491238797,26196712.0
491413869,24387509.8
491865397,26357029.6
492142597,24884279.6
492680743,25375846.6
492771066,8434655.0
492985141,19186998.2
494759191,22361931.8
494843479,26990512.0
495316407,17339400.6
495434233,31355642.6
496695416,23953983.2
497245670,27748622.6
497728530,26036145.6
498147140,16602908.4
498494070,23701758.6
498590214,16955778.2
498872341,22059655.8
499074363,10441825.4
499157490,34227799.0
499179247,23467776.4
499395470,14482889.6
499404548,21623828.0
500591180,19485447.4
500834016,42124548.0
500838646,25509528.0
500975214,14225237.6
503441159,14484306.8
503702552,13445249.0
503921694,24653097.4
504043833,21310519.8
507197174,4923486.8
507366193,37621061.6
508758258,15228697.8
508784611,28598655.0
508834565,29547412.4
50889432,11812925.6
510056497,19897410.8
510076208,16187774.0
510801802,32239854.0
511217945,32203919.2
511978994,31043409.4
512339405,17871460.8
513129972,8468742.6
513181,29237527.6
513363441,30842528.4
514855544,23932345.0
5149608,19700292.2
515383914,32757897.2
515581783,22093246.6
515955469,30332841.8
51604518,25073163.8
516212556,3205656.4
516272311,28239227.6
516943132,19838551.8
517946260,2865762.8
518387988,10503216.8
518528051,25635694.8
51938320,25010234.0
520609728,15916558.6
521169190,3435123.4
521769547,32257256.8
521955696,1233360.6
522506128,21765683.2
524273030,15265611.0
524416580,20988209.2
524875318,9569622.2
52519852,12312923.2
525412783,11689857.2
525698425,15127524.0
526399726,15528310.6
527014367,30573384.8
528493944,12332802.6
529252801,27153420.8
529290872,10224892.4
53046710,20740962.4
530966621,6022378.2
531058980,17037739.2
531781161,6409685.4
531833319,22186577.6
532118845,29608099.4
532286234,32852428.4
532826709,15948005.6
532904300,29040719.8
532994678,10952429.8
533290300,16669079.6
533439948,20997427.4
534143403,17997101.2
534154371,26767623.4
534264240,21827555.6
534381862,12291800.4
534843393,26520703.6
535680745,19229657.8
535962290,36758408.8
535998076,41035000.2
536501947,22620423.8
537064740,29581342.0
537294086,18206713.8
537373123,20138561.8
538188739,1520622.8
538605063,19684149.8
538653112,10487043.6
538906942,23131223.8
541504439,19887612.6
54168867,29517045.2
542442356,18879032.2
542526038,36374504.8
543051407,24602728.8
543505888,16632678.6
544050502,36812497.4
544055958,24086445.6
544830679,17994564.2
545413269,31128657.8
545603396,28115616.4
5460203,17409002.2
546241772,9119095.6
546261150,19980889.0
546523809,22970086.4
546732136,33067542.6
546765944,4079604.0
546825827,19462836.0
548607382,19805443.8
548625967,34207703.4
548700542,27401432.6
549415380,13660991.6
549593830,18786333.6
549721982,24342216.6
549832738,20703816.6
550441831,7217172.4
550557709,32091821.6
552039724,3711577.6
552100552,33302161.8
552391057,18217750.0
553195805,32854627.2
553439372,17543500.6
553506034,45617420.0
553843296,26071965.2
554572745,18816954.2
555004313,26826763.4
55510975,35123609.2
555289764,23965135.0
555901035,7299526.6
556026510,3783265.8
556516545,13586020.0
556592677,29290720.4
556944814,24573860.0
557080555,24623330.0
557646072,19556929.6
55911496,39804545.4
559180520,24528769.4
559298877,8841596.6
559964053,24454944.8
561703237,25451870.0
562556875,1155809.6
562958468,23340638.4
564399178,25191600.0
564480285,29547412.4
566240925,15304498.8
567177481,22699453.0
567355690,26039714.4
567814647,12184971.2
568216823,21089146.8
568239235,18786842.0
568456876,26798643.4
568541879,18527952.0
568789502,39334163.8
568820139,39848576.4
568873521,27813510.2
570031313,5994702.6
570052095,23856028.2
571279585,33092337.0
571683257,17465897.6
572276102,38264389.4
572834672,29696199.8
573514854,14744794.4
573622041,14380455.2
573797974,18091539.8
574634448,12758891.0
575305125,16186152.0
575355164,32431294.4
575452180,36279653.4
575596751,19152024.2
575900990,25748999.8
57603686,14031173.2
57616041,31008066.4
576438967,20362902.6
576546552,36137946.0
577073669,9508798.6
57764839,17841587.0
578812738,28756602.6
578841005,22998464.0
579307667,21362998.8
579683001,22176130.2
579908624,24522762.4
580262567,8440175.6
580272496,28334812.0
580830667,27270207.4
581069262,2173347.6
581397504,33663998.6
582268580,1606574.4
582324215,35032658.0
583276025,40253538.8
583304572,16906319.4
583411418,27143310.4
584164925,40285275.4
584192319,26066418.4
584416994,21615867.0
58579165,9571876.8
585908475,46735791.4
586194492,14835106.0
586537093,21048889.4
587453041,33606130.8
587851618,22469589.0
588051961,27524762.8
588264306,1417036.0
589943737,18006938.2
591305551,23118968.4
591342465,39409850.0
592111721,23948530.4
592144195,18045607.2
59231274,25180126.4
594786934,25870080.6
594908465,47959172.4
594981586,14807062.6
595194132,35459590.6
595336840,26974184.0
595477621,21795304.6
595546291,7965548.2
595939459,17555340.2
596031245,15015519.8
596775154,37986614.0
597191221,22541446.4
597690122,28738051.0
598097609,26000519.6
598266613,20465918.2
598730912,25038404.2
598772021,20623467.6
599036077,23228280.6
599292128,25624361.4
600168324,17538087.4
600220445,4210353.6
600983434,23750869.4
601506140,14737070.4
601524801,625702.8
601755218,23303269.0
602020124,27699306.0
603314,13914461.8
603776126,1462809.0
603946477,37440303.4
604357728,30879183.8
604747875,23593503.4
605498975,3739462.6
606267992,17168775.0
606591990,34983531.2
60701054,19022607.6
6070985,28705471.6
607490432,28490543.2
608666976,26019128.4
608936534,30034004.2
609071379,29581141.0
609192146,17722679.2
609526992,26632931.4
609557927,33549903.8
609963923,26982071.6
610270417,30332595.2
610309719,25608583.4
611606940,14011732.6
612043874,31571921.0
612447943,22850812.6
613184619,11053693.2
613886312,20290207.0
615812936,21680761.2
615891154,10444683.8
616199251,27712965.8
616719593,22019875.8
617255708,27789391.0
618147871,11192561.0
618682872,21229134.6
618695913,23404761.2
618818301,29384652.0
619331058,24684039.4
619379482,18234631.8
619819375,19901415.6
621005356,20990797.8
621097518,22223728.2
621561921,33965877.0
62166521,24332784.2
621829524,27545266.6
621938105,30761026.0
621992624,35958445.6
622676850,19682256.6
623083505,34413320.2
623230167,13987666.4
623595783,32098164.0
624917154,28756602.6
625038024,20998677.0
625142129,27669836.6
62532222,35204364.0
626164144,31810259.4
626322376,5592611.0
626866590,25249649.6
628213771,27523232.2
62835317,9803239.6
628631743,24604563.6
629137203,17927911.0
629568545,913457.6
629707946,27335426.0
629966482,19708570.0
63085880,24561223.8
631780725,45021850.0
63240694,5827408.0
632638065,11481316.8
632676084,18002716.6
633652522,11877515.2
633779249,22046752.4
63379920,45777259.0
633838860,18987994.8
634083504,22211263.2
634331045,20460726.2
634354320,22998464.0
635316564,18816954.2
635426720,23513351.2
635576099,6338038.2
635695132,29089153.0
636515419,18787133.2
636912378,27805164.0
63715701,24113424.2
637157127,13717622.2
637677312,29661206.8
637794067,20955848.6
639095842,26681525.8
640300977,24791553.4
64040346,10484534.4
640559732,31258424.8
640672904,26226796.6
641136684,22783386.4
641168964,24841260.2
641289516,26068856.4
641388477,19134956.8
641552330,17894290.8
64168627,34169741.6
642177912,25850021.6
64297561,1947320.2
643179124,16818237.6
644409709,23086787.8
644635974,19431940.4
644687888,33358361.2
645145248,31502285.0
6452624,1930029.6
645591425,25036473.2
646472471,13468800.6
646717244,20457637.0
646778392,19805614.0
646934273,31504950.4
647183864,24370447.4
64719838,42196448.4
647980942,27060448.8
648106838,19968801.2
648501807,23244493.0
649226890,23175218.6
649714233,1411452.8
649888360,26446128.8
650067382,12873078.8
650228140,15730864.0
650427189,29139274.4
651126788,26232649.2
651332647,20057843.6
651409426,2840418.2
651789852,24440221.4
651834084,30286205.8
652598093,11303164.8
652894953,29920976.4
653299017,11984956.4
653777184,24538109.0
654776229,22162397.4
655037286,14122633.6
655716117,32780531.2
65575584,26525519.8
655843296,19496160.8
655846883,20540077.8
656267377,27172083.0
656829103,35225879.0
6577398,21442689.8
657828865,38363556.6
658099461,31681763.2
65823859,31910604.8
658783371,30330919.4
659200008,28653305.2
66007241,25180650.4
661349045,35528970.6
661440419,23697988.6
661668096,23009078.4
661709272,13882864.6
66198672,21968863.2
662131474,13142182.4
662882349,17269665.4
663287084,24758002.4
663459205,9269777.8
663744558,2730598.2
666305087,920379.0
667097243,1488931.4
668395393,39776001.4
669333382,17988256.0
669539950,21891727.8
669797783,27286393.0
669809445,4989978.0
669860014,38789818.6
67001123,24122901.8
67089566,34643707.0
671513959,16485578.6
671954941,23009700.4
672285731,15668499.2
672998055,20259958.8
673964391,29663819.0
674012882,24838907.0
674198779,23461357.4
674901639,29547412.4
675261564,20038451.2
675814457,30637404.2
675845523,18659409.0
676115435,16846255.8
67637654,21585523.2
676663859,27665162.8
676899080,34495108.8
677328589,25785974.6
677521913,21201316.2
677960831,16358311.4
678069085,26277704.2
678082835,13435361.8
678169850,31114742.0
678175964,32308515.4
678646361,22913614.8
679074896,11513361.6
679097441,28707627.8
679487700,9778373.0
679745839,11195371.8
679999868,27891301.2
680130950,25979139.6
680255437,33992192.2
680492354,23933524.0
680576870,7168673.0
681419015,21649763.8
681597161,23102269.6
682307156,23492506.2
68252733,20346309.8
682559898,25068014.8
6825894,32727996.0
683147984,22912864.8
683189731,41576066.2
683713036,20224027.0
684012682,24675997.6
684459129,19104485.2
685475461,34317465.8
68554865,34216523.2
685963584,30558085.4
686204475,18227012.6
686319781,26839982.4
687579699,10041248.0
688439289,20742778.2
688474018,7070853.4
688646840,35055655.0
688821677,19792792.6
688863755,17859039.0
688885485,24972340.8
688936958,15162443.4
689182004,17122850.2
689432564,23527756.0
689743728,28165367.8
690003543,22335777.4
690023172,32288279.8
690122198,33869706.0
690511200,23081849.6
690551821,29501601.0
690757040,26616739.6
691610647,29167063.6
691651457,2078358.6
692506393,1233360.6
692866315,12507598.8
693331752,27074847.2
693711777,24061519.4
694078395,32686769.4
694445719,37015890.4
694533411,8655605.4
694853998,25471063.8
695289901,29336515.6
696135465,15758994.4
696439511,20555015.6
696971052,27939393.2
697134733,21139251.2
69736057,27766318.2
697387932,12865676.2
69792430,28921472.0
697929895,20103687.2
698305523,12619461.0
698836059,30680161.8
699219439,16583137.0
700065514,19790064.2
700212925,18086192.6
70034994,30551095.4
700653041,32717473.2
701259694,20583333.4
701856954,15168406.4
701894096,38261953.4
702021179,20077692.2
703054059,15186266.4
703643179,13236372.2
703680106,23435500.8
703995178,17115289.4
704032501,23315988.4
704346315,39671792.6
704532147,1544776.2
7048079,14482037.4
705071426,26091045.0
705698742,23667145.4
70572268,16387557.6
707495147,1776684.6
708135369,45058474.0
70904939,28271747.6
709190899,21600686.8
709906232,29813546.4
710112502,24396464.6
710643716,33113170.0
711765596,28584241.8
712274610,30448577.8
712724986,25514184.0
712763144,16656791.0
713185402,26627736.6
713667596,26035274.0
714430338,37169325.8
715091350,23997005.2
716144663,23395602.0
716913886,9671771.8
71739210,23414891.4
717475057,28366832.4
71759446,1705846.4
718033664,35847603.8
718200870,30427815.8
718462915,31382985.6
718644391,15495134.4
718703605,15324790.4
719416315,11343700.6
719781230,31848681.4
720228169,35317357.4
72051814,36108458.2
720575698,27164678.2
720741430,2020484.8
720753525,19504268.6
720890684,27477674.2
723428785,10805736.8
723952442,24010419.2
724373652,27028897.6
724659721,33178860.4
725048491,28221472.4
725076297,9842319.2
725374042,27571411.2
72574795,26928390.0
72651203,33236163.4
726757584,26448356.8
727492101,30654821.2
727532359,21902968.2
727859248,15688684.6
728177222,22948016.0
728388264,23470755.2
729067389,21977794.0
729423060,878778.2
729870090,27877187.2
729979472,19779941.4
730012471,17465410.6
730035178,22060631.8
730414813,14635593.6
730474221,1978645.4
731705412,2078358.6
731902458,23035686.4
731906543,20888830.2
732023304,35205483.8
732107641,29049563.4
732559655,22439995.8
733163436,32959118.2
733637167,35980360.6
733988337,27933383.4
734437203,32426680.8
735284814,11990506.0
735457649,20154848.6
73583691,15446957.0
736819201,28555712.4
736964441,20197641.0
737027380,30181220.6
737567375,26047334.2
737743331,17603003.0
738046711,38657867.0
738159093,24567420.4
738483658,25051381.6
738623702,23774612.4
738756568,7319694.8
739040077,23552273.0
73907393,21124286.6
739467017,29217436.6
740319411,24683030.0
740985437,20611271.2
74103433,20639200.8
74177304,20263583.8
742086401,29813903.0
744216431,26501316.2
74444849,14874974.2
744889747,21499377.6
745933123,32372085.8
746150472,30242050.6
746747513,34746920.6
747070761,1850073.8
747235420,28678653.2
747509362,9562166.0
748685049,24888983.0
748798953,18021010.2
74950304,12359355.8
750535553,24148871.8
750917663,31439658.4
750996880,16720693.0
751048458,22706408.8
751935661,22443261.2
752550623,22305966.8
752696336,27933297.0
752996947,20317741.0
753004280,26577295.6
754062892,27092007.8
754268958,25831989.2
754417738,26255132.8
754595580,19115308.6
754607970,30829466.6
755831031,25420512.8
755881810,27453909.6
756112127,26557001.0
756127189,18846097.6
757144677,30270996.8
757508939,28187132.6
758202509,26481173.0
759435064,15569095.2
760049256,27007691.4
760116913,29347446.4
76063161,875590.6
760981960,13129962.4
761124805,29213266.2
76138463,19534468.8
761400898,29649680.4
761490111,14756456.0
762074361,25185839.4
762505241,33269128.0
763136378,21450474.2
763161946,29808237.8
763714603,13633200.4
764791627,23262641.2
765529516,11689031.8
765605236,28896679.0
765692781,21247420.2
76652896,29505218.0
76666549,17192065.2
768188637,31146556.8
768285401,32952727.0
768347073,22501105.0
768372906,32718471.6
768648619,19057397.0
768694864,29442142.2
769093074,27736846.2
769248851,21297284.0
769664033,20313754.4
770099985,13549114.4
770118099,25457208.2
770614342,33671722.8
770662295,23423463.0
770848302,20354916.6
771107814,33999619.4
771516862,8295011.8
77152016,36226902.2
772542617,3711577.6
772820574,15002749.6
773118494,20957878.0
773228648,22461484.6
773884877,25202426.6
773966416,18749214.0
774503500,25718752.6
775165856,31580681.4
775553592,36415321.0
775594946,26143209.4
77596096,32901136.2
777091207,13236372.2
777298307,35524641.0
777577982,23147373.4
778061276,19109584.6
778164804,25830480.4
779448178,27543476.8
77997948,17402398.2
780472426,31853467.2
780993101,19727054.0
781091788,29309077.2
781524342,19082019.2
783029100,24205048.0
783393259,27246956.8
783608484,21787492.0
784608403,17485961.0
784926776,13430888.0
785072836,44030598.0
785284985,2486980.6
785585794,25973087.0
785858556,18571885.2
786182879,1654209.4
786817871,28035261.4
786931474,26419181.4
787170108,22585948.6
788094244,24794966.2
788094431,20431731.2
788232169,24146673.0
788274770,19371511.6
788299378,34582445.0
788639531,24622531.2
788713777,15665248.8
789346799,21291832.2
789459556,23803955.2
789627929,28307329.6
789781713,29164866.6
790331967,33675408.6
791207230,29227054.4
792193372,10461601.8
792396274,33171106.2
792531498,11209081.0
79312563,8769110.8
793915326,1705649.6
794676693,44217142.6
794889827,24441493.6
795059117,24211514.6
795317395,27579789.4
795941707,32459034.2
795998482,29344362.0
796309524,13715076.8
796943128,24458896.8
797097935,37826160.0
797240914,25319750.8
797838685,23789235.6
797975693,23352409.6
798148552,27653378.6
798681796,27072074.6
798707305,23665233.8
799060558,15711384.2
799159875,28044576.2
799250686,18439184.8
79939928,23794471.4
799436544,28539334.6
799740613,25006965.6
799989470,19902267.8
800161660,11626476.6
800654756,18399252.0
80114783,26596768.4
801782182,29987828.6
801932165,1170973.2
802310193,30824226.2
802939805,26500062.6
804133866,24414641.2
804791860,15084353.6
80491904,25597383.0
804951561,24475678.4
805494552,32686028.2
80560725,25450956.6
806061262,11759512.0
806383961,32885319.4
806537516,17819022.0
807102745,24258307.2
807142192,20522604.6
807148290,24359729.8
807399710,2562391.8
807676191,23940348.6
807819960,10932080.8
808480147,27895770.6
808578640,10799756.2
8090006,34779949.0
809001604,36793042.6
809062731,17726332.0
809173313,27311810.2
80938036,27394960.4
809478053,22060794.6
809771064,9967202.8
80983984,26551375.8
810149287,26070882.4
810287611,23603633.2
810516823,30814756.0
810866813,48037588.6
811808879,6188650.4
81189189,19784903.6
814194004,17104306.2
814375798,23016079.8
814391272,8390273.8
815391918,16073823.8
81564935,28092164.2
815763667,23593664.2
816292876,20891899.2
816724903,33384055.6
817076262,35618750.2
817286562,24554197.6
817448324,7851390.8
817639495,20893366.0
817882172,18436003.4
818349007,31057434.2
818554518,21203690.2
818826504,26179640.8
819035017,27606966.6
81945203,25789887.6
819627851,16469613.2
820090972,28057059.2
820409590,24713712.4
820547235,13664571.8
820907424,13808112.0
82117335,23600848.2
821180602,19430377.0
822515191,37098053.0
823017486,37114045.4
823707584,31291938.4
82371649,30477485.0
826376398,8053621.4
827203118,22127538.4
827378125,19479732.6
827663810,17984455.0
827726394,27350698.2
827803506,2517549.4
828677947,17587068.2
829153976,16948245.6
829175298,17764519.4
82988051,33832888.0
830125328,13942577.6
830444553,12963621.8
830597098,18980532.2
830695026,24512383.4
831302947,23710167.2
831609277,1233360.6
832751522,26036769.2
83282816,28923296.0
833200083,20051693.0
833522305,27959477.4
834484140,30491670.6
834675891,36541722.4
834933020,26443976.8
835465883,34296094.0
835523862,18467968.4
835568306,30914138.0
835774972,37827991.6
836174334,27193808.8
836288436,26476728.0
837813772,1827131.2
837971591,17987199.2
838313711,18230116.0
840041017,32412700.8
840522336,28301765.0
84070532,23890822.8
841450874,29331444.8
842493767,21963883.8
842894693,17235505.4
84320679,23883592.2
84405817,34122501.6
844506946,14662140.8
844664347,12092473.6
845774066,29547412.4
845826858,14821817.6
846647124,28185421.0
846682731,9115178.2
846700750,11749066.6
846744260,21118751.6
847334954,26294792.8
847962582,15435651.2
84813922,26285744.2
848581954,17546142.4
849062809,33111234.0
849505778,33869806.8
851709109,29040184.4
852414479,19743665.8
852704648,25055547.0
852989435,25003377.4
853508008,35759947.0
853610632,30498825.0
854172819,29560126.2
854875548,12704113.8
85499528,21270941.0
856254594,26370216.4
85638848,22849400.2
856612700,29040719.8
857937585,19114069.6
85810913,14475238.6
859183068,10711441.2
859274173,34025943.0
859652539,17704694.8
859975969,18222224.4
859980212,26702711.4
860288823,27164422.2
860715236,19404316.0
861227030,27421562.0
861257947,14627143.0
862560124,20424674.4
862920642,28507110.0
864386280,26517932.2
864547424,25257993.6
864662939,32052521.4
865072886,25881284.2
865140960,20743676.4
865285202,31098855.6
865386011,29477793.4
865442778,29839518.0
865525071,16997526.2
865612286,14589460.2
866729893,26189250.2
866758423,25123039.4
866792357,21143587.6
867093886,2858340.0
868718273,25471020.6
869119721,18138382.0
869322144,19021872.4
872179122,23091886.0
873082841,13240990.8
873340274,19291268.0
873824973,13874913.4
874143536,10382005.2
874302891,26997576.0
875102499,22177964.4
875430665,25218699.6
875444277,29487394.6
875498717,24217950.6
875833154,28617561.4
876320481,28869450.4
876926968,22291924.8
878601301,27023771.4
878845901,27389505.2
879147391,12909700.4
879583320,23700199.8
880673910,22545572.6
881203310,28570011.8
881308545,25900724.6
881617953,14837185.6
88163303,27406660.6
882223051,28301765.0
882372154,34966789.2
882871649,24931444.0
883285040,30144466.0
883881569,21517696.8
884581072,40874187.6
884595880,3413959.8
885754547,29294068.0
88594602,34247806.4
88629273,24022345.4
886779816,4793232.6
886791279,29816244.2
887451003,27955521.2
887752978,19426081.4
887806307,20222374.2
888093360,18932439.8
889075076,26549955.8
889132390,30238756.6
889398383,20846457.0
889941422,23368414.6
890707823,20522574.8
890711897,25688588.8
891333219,21883951.2
89160029,21211441.4
892564823,14005220.0
892901225,33391795.8
893831153,20382159.0
89427159,21773462.8
894661113,31283144.4
894718015,6563160.2
895093954,36458713.4
895293769,19969821.0
895915199,39050951.4
896125994,28058719.8
89642504,26815104.6
896663620,17669768.0
897540717,27353411.8
897667109,15775805.2
897887568,28084757.6
898203011,22931212.8
899031983,30438438.4
900763028,17047247.6
900874409,23129467.2
902114155,24825004.0
902375683,22573493.4
903247415,18514246.8
903393249,25867813.0
903554939,34269806.2
903626058,16884851.4
903986584,27921206.2
904214057,24605012.2
904363850,13009152.2
904405461,15732488.2
905285790,26054824.8
90572254,14753102.0
905777338,27233261.4
906979721,28049118.4
908455284,22200292.6
909127116,26822283.6
909369717,3855928.4
910750522,3435123.4
910820681,25659053.8
911080236,16756577.0
91142823,45540746.6
911997927,35107885.4
912398552,22863745.2
912534056,2843006.0
912900119,20875786.2
913731686,22396078.6
913946812,28236898.0
914704761,37801685.2
915162394,18861009.4
916444386,42181547.4
916985784,17860374.0
91887929,5394757.2
919272254,23352883.8
919465378,29497650.4
919490181,15980608.2
919939413,39687568.6
920385595,20812516.6
920741627,19275744.8
920788801,17844277.2
920938524,15272433.4
921899048,22786026.4
92198020,23496845.6
922017943,16916623.6
922571639,12617325.2
922683102,18608093.4
92343295,13664812.0
923885506,28022157.0
923936381,20011565.8
924684934,35830483.6
924964672,20841673.4
92541280,29287279.2
925438335,26313115.8
925881906,27112914.2
925884391,38183971.6
927153725,31684902.2
927854113,8470323.4
928349115,19736994.6
928414279,30605302.8
928713250,25455021.2
928777176,24259757.2
930855206,22223728.2
930904558,16288890.6
930971928,19858435.2
93102882,16914651.4
931079153,27345714.2
932084533,8482451.8
932373769,15663016.6
932998594,34821253.6
933997906,27388999.2
934199817,25818769.2
934488913,31266700.2
935166347,12019568.0
935508630,26071965.2
93665383,44967806.2
937238441,34143851.4
937843618,22828734.2
938109149,25838374.8
938523364,35042878.2
939311744,17798319.0
939756690,27257345.8
939810412,34138366.8
940842254,26778570.6
940888397,31633249.2
941091182,36108458.2
942007851,39792754.4
942065636,26803260.2
942613600,28700548.8
942814455,18451833.2
943345515,21763616.2
943853322,31324094.0
944527607,13048925.8
944538945,5974830.0
944989966,15683307.8
945760413,17768813.6
946550540,20352897.4
946628340,36877359.6
946903325,24984271.4
947090403,15160778.2
9472096,21196955.8
947471791,25619809.8
947720191,23963336.2
948057434,29470733.8
948292000,26243618.8
948842365,27751725.4
949484998,38571201.2
949618731,22765859.6
949734355,19160554.6
950816038,20404399.4
950900627,16181869.8
950950325,33965110.0
950978902,30106166.2
951290289,38140667.6
952179958,3734252.0
952257811,17430171.0
952401993,18474249.0
952458019,14744956.2
953346027,24989796.6
953506583,24214128.4
953949756,19014628.8
955905528,13821660.4
957184301,27076818.8
957807611,1958062.0
95810878,38004181.4
958203396,30024246.0
958270939,6463245.4
958278520,17848025.6
958721439,23526953.0
959086459,17407409.6
961267980,14716214.6
961651047,14626076.0
962787425,16929298.6
963052072,14951016.6
963569136,30063106.2
964004526,33490673.2
965711043,20108933.6
966651364,11212090.6
967094967,13666698.8
967222678,20640131.2
967302248,25664311.6
968470048,28987574.8
968597742,19023173.2
969170465,20150053.4
969357718,25269912.0
970061299,33983529.4
970295022,29412406.0
97075682,28191247.4
971938966,26797485.0
972733285,21045085.2
973336622,16724479.0
97337621,4336627.2
973420892,26258145.2
974102108,1233360.6
974378027,37393445.8
974525074,2108945.0
974606400,2048350.2
975367443,20915273.0
975676374,25638725.8
97579950,23549329.6
976236385,21431206.4
976707361,32852474.4
976837402,31466001.0
977030633,19799969.8
977209796,25329901.8
977386447,22398408.4
977446624,28015865.8
978309515,28367851.4
978341311,24193367.2
979330433,23396045.2
980247693,18970680.4
98049952,27248502.4
980559847,23949517.6
980665370,32021346.6
98186373,12580637.2
982293994,28285403.2
982336669,14761104.6
982455895,24977651.0
982740029,23567719.0
983270799,27943667.6
984154541,24214691.0
984224331,25639464.0
984225590,30435860.6
984949164,26235363.4
985043652,29644926.8
985125128,8241171.4
985423081,31096670.2
985614401,26475871.8
986058423,12726801.8
986204419,26358456.6
986642651,28994179.2
986663011,8674489.2
987026989,29741098.6
987159268,20604970.4
988251615,24989796.6
988661571,17352004.4
990790400,23272465.2
991016912,26178091.0
991035709,34119967.0
991044378,26975082.8
992018586,20503611.2
993045904,25300881.6
993446420,25793208.8
993659832,22026647.8
993663407,30221219.8
995669347,26835956.8
995888455,19226397.4
996425152,18179980.0
996662864,26072370.2
996855915,29526392.8
997431578,27663539.0
997573735,17331513.0
998206879,29595970.8
998393594,29612912.8
998625201,46735791.4
998818197,14865795.0
998818893,33259544.6
999761287,20292907.2
