volcan_id,time_to_eruption_dt
1000015382,18522747.0
1000554676,27876098.4
1000745424,23245373.2
1001461087,25345559.8
1001732002,28682477.0
1002275321,26279285.4
1002575641,28658605.2
1002609771,26279285.4
1002624617,16389493.0
1002789083,16389493.0
1002825126,26518658.4
1003154738,31026367.0
1003175827,26349091.4
1003411703,23245373.2
1003520023,20038934.0
10035828,12686675.4
1004346803,19549755.0
1004557332,10687977.2
1004561781,19764124.4
1004609129,18522747.0
100519902,15688550.0
1005472094,26582447.0
100610446,20595841.2
1006345280,26853681.8
1006842231,26279285.4
1007019534,22018190.8
1007996426,22018190.8
1009126824,28998900.8
1009442335,18659656.4
1009749143,16188711.0
1010002096,27699273.8
1010561361,27079196.6
1010680130,23372200.4
1010725931,27440662.8
1010756593,22018190.8
1010864137,26370349.8
1011078321,24149293.6
1011133267,24149293.6
1013196130,18291608.0
1013226239,26349091.4
1013789689,27799707.4
1014562599,16362360.8
1014585637,24287451.4
1015033166,22474602.0
1015092282,27699273.8
1016110949,16649349.0
101616763,22526801.0
1016242026,22526801.0
1016727429,24001020.2
1016932159,14561620.4
1016956864,16330116.8
1017830158,23897059.6
1018207090,21336468.2
1018435910,13772500.8
1018756523,24149293.6
1019052648,22269167.6
1019955915,22526801.0
1020283272,21336468.2
1021479157,21336468.2
1022420757,20595841.2
1023111602,15485111.4
1023245702,21348569.4
102338326,11694849.2
1023559523,16389493.0
1023589533,16649349.0
1023927094,17667233.4
1024265947,16649349.0
1024522044,21348569.4
1024855809,24149293.6
1025401939,20925347.0
1025870964,31838284.6
1026930172,23063131.6
1027307874,13267659.2
1027457977,19501283.0
1028325789,29086046.0
1028350709,21743956.0
1028796869,13854984.6
1028829115,21743956.0
1030109165,6495374.0
1031098571,9392466.8
1031775369,21348569.4
1032429253,22360125.4
1032570249,18159678.2
1032987045,21336468.2
1033287069,28725406.4
1033677406,29086046.0
1033835311,21743956.0
1034203889,22531481.8
1036403851,19351145.6
1037601470,18896267.0
1038366766,16223638.2
1038903770,17528068.6
1038918048,22131289.8
1039038516,14529402.2
1039242162,35410849.4
1039583299,4770243.0
1040017632,23941442.8
1040427269,17473544.2
1041846634,16223638.2
1041878888,29005865.0
1041963422,28160563.4
1042260671,36799756.2
1042743186,29060394.2
1042857837,26823976.8
1043816873,17579356.4
1044404474,18532929.4
1044700555,22737027.8
1044996306,19034172.4
1045737293,27142703.6
1046153021,29086046.0
1047097201,16223638.2
1047238065,776743.0
1047698781,27477552.6
1048009361,28160563.4
1048073965,22737027.8
1048300101,22737027.8
1049186697,25982333.6
1049342028,25137923.0
104958377,23063131.6
1049892705,32799615.6
1051215459,27142703.6
1051299690,18954729.6
1051817564,26966914.6
1052073345,15012154.0
1052075589,26966914.6
1052745011,27158144.8
1053043132,18137172.8
1053609274,27471355.2
1053686121,18954729.6
1053927671,906099.6
1054353459,27247573.6
1055093477,27477552.6
1055227118,26823976.8
1056424078,20670781.6
105658810,18816852.2
1056778258,32799615.6
1057137462,23583931.4
1057504299,23238979.0
1057868450,22073434.0
1058582421,36080051.6
1058923200,25035507.6
1059294461,24001020.2
1059381646,27477552.6
1060048694,32799615.6
1060581218,27509247.6
1060632987,10467506.4
106078758,20967173.6
1061211936,32799615.6
1061556765,29630808.2
1061801479,23063131.6
1062764986,32473788.4
1063425676,22873408.4
1064794195,22572316.2
1064935255,20892177.0
1065197609,15493858.6
1065259888,27342470.2
1065800547,22358902.6
1066152649,25035507.6
1067098395,20892177.0
1067330822,32799615.6
1067927661,11580103.6
1068033648,25124156.6
1068054446,28660435.2
1068208983,19034172.4
1068504383,16462944.2
1070060959,20967173.6
1070188655,20637021.2
1070784997,18331967.0
107081920,13608065.0
1070821612,27823189.4
1071049789,23102751.4
1071353921,18603531.2
1071748769,16911186.8
1071777430,23811233.0
1072055317,18603531.2
1072192149,18331967.0
1072732496,25035507.6
1073019591,17110296.8
1073703374,20395715.4
1073745213,29398576.2
107400998,22197615.8
1074244722,21837641.2
1074426665,18603531.2
1074671362,18313091.4
1075300188,30850866.6
1076119752,9342517.4
1077334203,19797898.2
1077415466,906099.6
1077594989,26823976.8
1078903277,28660435.2
1079138094,29398576.2
1079334814,18377747.8
1079412257,22656164.0
1079412715,24615576.2
1079658754,15333561.8
1079693590,34774730.8
1079724272,18236320.4
1079740004,18114029.6
1079821584,31200735.6
1080143124,20395715.4
108037369,28660435.2
108124387,18020168.0
108195434,31032695.4
1082557979,32699781.0
1082824214,19554261.2
1083379708,15569216.6
1083668827,18959189.0
1084077028,26823976.8
1084739465,22276983.4
1084812938,22098952.0
1086656455,32350885.8
1086685621,17579356.4
1086942147,26823976.8
1087653736,24065562.4
1088021526,31039248.8
108874736,18114029.6
1088828384,26843880.8
1089324375,24065562.4
1089375229,20258258.8
1089435916,17473544.2
1089685571,30839940.0
1089686246,21147419.8
10901393,18959189.0
1090755834,25175182.2
1091829226,27397433.0
1092333463,18959189.0
1092709083,32560889.2
1092728543,32776956.6
1092950441,22444629.8
1093181664,20564845.8
1094000638,20395715.4
1094157333,25175182.2
1096450417,30537819.2
1096543877,21039180.8
1096991212,26669835.4
1098000689,16884771.6
1098074077,20257974.0
1098531429,23469158.2
1098612833,26300897.6
1098698634,34212157.0
1098922326,29302665.6
1099545410,29179445.6
1099864364,29179445.6
1100632800,19407512.2
1100965951,31200735.6
1100991799,20257974.0
1101821065,17103646.8
1102017109,23941442.8
1102879167,29864620.6
1103243029,24921799.0
1103672024,24921799.0
1104061012,32560758.0
1104202675,27537004.6
1104705292,17999279.6
1105095930,29157287.2
1105888187,27537004.6
1105923226,17981594.2
1106309851,23709404.0
1106409037,30604066.0
1107722316,19345398.0
1107780094,24921799.0
110797815,15665907.8
1108848326,22444629.8
110912013,27537004.6
1109392959,23176183.8
1109804924,14344426.8
1110429957,23152474.6
1110563085,20775816.6
1111204031,23351208.6
1111649370,29349203.6
1111781387,26912593.8
1111981902,28877506.6
1112166288,36254445.6
1112652101,20245919.2
1112729101,31039248.8
1112777130,16968697.8
1113243853,18143000.4
1113441311,17528068.6
1113992376,24312157.2
1114275678,19428536.8
1115036717,31444413.0
1115044441,28877506.6
1115085900,17103646.8
1116352983,35732330.0
111665787,23351208.6
1117294384,34487721.6
1117793086,21621612.6
1117905846,20979435.0
111928340,31039248.8
1120445474,34487721.6
1120674393,15088055.8
1120931614,35732330.0
1120996406,20596402.2
1121018916,34487721.6
1121140466,14713727.6
112124903,35067816.0
1121542036,20258258.8
1121697834,21621612.6
1122508880,30719220.8
1123001951,22114776.0
1123066550,34487721.6
112321400,32968006.8
112348433,19345398.0
112375098,26416581.0
1124119171,10302386.8
1124990118,20258258.8
1125424344,20145198.2
1125482656,30719220.8
1126911948,19428536.8
1126999790,14578664.8
1127884712,14578664.8
1128186391,31877694.6
1129429071,35067816.0
1129909391,28294213.6
1129938643,19345398.0
1131527270,20145198.2
1132116234,20701068.4
1132218304,7533847.6
1132419329,32834429.4
1133090317,19670439.2
1133130522,18601471.0
1133499260,17996685.8
1133663547,24441209.6
113427359,4559392.6
1134675027,29171728.8
1135450244,29171728.8
1135623500,3415720.2
1135859577,17950462.4
1136037770,25283546.6
1136356907,31374500.6
1136523713,33487136.6
1136682157,24890005.8
1137143171,20644109.0
1137459605,33697994.2
1138124607,18443642.8
1138688286,14713727.6
1139102111,18621900.8
11392010,22269810.0
1139489647,31376514.4
1139540990,29217020.2
1139605058,31704786.4
1139907613,20444842.8
1139939622,17997151.8
1140405837,16323072.0
1140561040,32881537.4
1140760418,36359063.4
1141054211,29217020.2
1141152432,18599841.8
1141177767,17544866.8
1141586751,19331869.2
1141989284,20579364.6
1142113285,23941442.8
1142115505,20869719.0
1142235055,24832199.6
1142739992,26696910.8
1142959485,18599841.8
1142973144,16330726.0
1143009226,32881537.4
1143931457,21213824.0
1143985791,27720978.2
1144399369,29217020.2
1144508876,16954579.2
114473006,27720978.2
1145497571,29217020.2
1145919143,1724806.6
1146220591,26672550.8
1146471189,23638354.4
1146840738,20445102.2
1147795366,26885953.8
1148016357,29217020.2
1148831112,31357658.0
1149417056,19891865.2
1149561649,28598533.4
1150039132,16440438.4
1150756360,15566126.4
1150860263,29359227.2
1151202699,27567617.0
115172114,23920192.6
1151918483,22381193.4
115231914,34052236.8
115235190,31188260.6
1153017772,27216098.6
1153303479,26834859.8
1153507500,19253868.0
1154700918,26300897.6
1154986023,27829725.2
1155073153,25927738.8
1155734430,22815922.8
1156048155,22823668.4
1156586754,31458724.2
1156712721,27475387.0
1156888333,30183467.8
1156895420,28598533.4
1158288485,31458724.2
1158351226,20315414.8
1158353351,23228093.0
1158364571,34399392.0
1158945000,21288503.8
1160064144,31461324.6
1160333827,27216098.6
116173096,27216098.6
1162036523,20067072.4
1162128945,33318559.0
1162241076,31509303.8
1162441568,15898304.2
1162569015,23651302.8
1162680622,28901824.2
1162956646,19557712.6
1163316433,31188260.6
1163754152,16399461.6
1163975632,17459877.8
1164158990,29048203.6
1164949475,36359063.4
116548092,30023766.4
1167730371,19540939.2
1167824881,17521797.6
1168740391,19699367.6
1169355212,12825883.4
1169725037,15339691.6
1170778257,23920192.6
117092563,20867298.6
1171002359,26121137.4
1171309166,28991367.0
1171535008,23920192.6
1171708569,27334506.8
1171869234,18869334.8
1172960446,19774723.6
1173524986,31001412.6
117353587,22056616.8
1174005524,31981579.8
1174567207,23072425.4
1175013181,14033950.2
1175285966,23669268.0
1175666078,23072425.4
1176309909,25842050.0
1176796937,24159657.4
1177828269,25313984.2
1177898008,27216098.6
117864846,26026897.0
1179059409,12825883.4
1179136480,17496344.8
1179922830,31981579.8
11804308,16389493.0
1182480093,21240654.0
1182581931,26681048.4
1182918404,26681048.4
1183368100,12171348.6
118375419,15936585.4
1184189143,19699367.6
118578176,31993535.4
1185987238,24473023.0
1186704180,26121137.4
118766330,26121137.4
1188169213,16164215.8
1188262821,24585150.4
1188464475,15936585.4
1188475928,17754764.8
1188860608,21216739.0
1189625937,15339691.6
1190293359,24655796.8
1191004876,26215468.0
1191350506,3415720.2
1191484058,26337102.0
1191644191,23900633.2
119176309,18260319.6
1192163654,21240654.0
119226806,18489779.6
1192274646,29596863.2
1192354436,25516391.4
119249800,23964533.0
1192605002,26025283.0
1193276340,18489779.6
1193696136,26025283.0
119375610,15933208.2
1193816078,9939475.2
1193838198,24890005.8
1194551803,10815820.8
1194762613,25842050.0
1194799275,24015413.6
1194802638,24882288.4
1194833182,24890005.8
1196312634,25842050.0
1197116188,14364688.4
119735052,19527243.8
119828684,26215468.0
1199580311,21851098.8
1200187647,29432553.2
1200555803,23231128.6
1200721383,19527243.8
120078459,18598754.6
1201950963,15572003.0
1202272000,17656029.8
1202935850,5105513.6
1203041521,15339691.6
1203860975,18489779.6
1204506668,19651788.0
1204676321,28137413.6
1204682805,24471032.6
1204691003,26126613.4
1205512045,18446648.0
12058946,15339691.6
1206090150,16313290.8
1206337783,20015100.8
1206664260,25842050.0
1207105314,15811270.2
1207122523,17656029.8
1207250122,27720241.4
1207479220,21216739.0
1207757591,2748775.0
1207889265,4304728.2
1208305522,27128030.6
1209060315,24153119.6
1209629994,19384615.8
1211398909,28165899.6
1211468948,24890005.8
1212346942,24101952.4
1212561114,36186385.8
1213372869,19115608.2
1214300017,17754764.8
1217169700,29296154.8
1217315221,21257646.0
1217802563,15365712.0
1218086210,30797247.6
1218513300,3471223.2
1218932007,36412350.8
1219465798,17613628.6
121962462,5591652.4
1219716331,17565037.0
1220739030,36412350.8
1221021840,1184536.4
1221036432,17613628.6
1222398379,19660639.6
1222915307,17613628.6
122310777,19580918.4
122316130,19660639.6
1223921706,28165899.6
1225045427,1876689.6
1225680864,33035707.8
1225949488,9145815.0
1226022734,21672663.0
1226880809,17613628.6
1227006408,16530288.8
1228887863,21851098.8
123014977,16704294.0
1230395899,28988366.2
1230685914,18871209.8
1231275179,16530288.8
1232501455,21648267.0
1232569304,12677119.6
1232916817,16981155.2
123327103,14026344.2
1233272039,16092307.4
123379451,28988366.2
123496330,25344349.0
1235044971,31171642.6
1235339888,15551364.4
1236175272,18187674.0
1236765323,36575513.2
1237711608,29385743.0
1238100097,21862967.4
1238398453,15144026.8
1238527714,26215468.0
1238859327,10647006.0
1238898356,26294885.2
1239137007,29385743.0
1239209006,17604765.2
1240124708,16856321.8
1241211907,21651488.2
1241598842,15144026.8
1241750749,19972726.0
1242266897,27715291.2
1242521207,18373003.6
1243101535,15566126.4
1243250306,16251643.0
1243491909,19972726.0
12445922,25834298.6
1245409985,5521613.4
1245777723,21398654.8
1246332909,25845124.0
1246585270,11096957.8
1246974750,22680049.0
1248281726,26312221.0
1248634358,24795369.8
1248739400,27715291.2
1249637406,18032226.8
1249783920,21706368.8
1250547705,24279364.4
1251032581,21930525.4
1251724802,24042565.0
1252913785,25142667.0
1253007685,29863783.6
1253627982,33982373.2
1253771879,25420221.0
1253865296,30291511.0
125407016,22170952.8
1254183576,25310334.6
1255076992,11096957.8
1255705928,38284745.8
1255874891,23104365.4
1256153889,11240531.8
1256832219,13314556.4
1256976573,27615612.0
1257785,26888202.6
1258074117,23329459.0
1259389296,22119340.8
1261672283,30497143.4
1262119935,24584226.4
1262173496,30497143.4
1264187919,22547179.6
1264680628,14824541.4
1264939370,32720027.0
1265017674,17458362.2
1265054165,15566126.4
1265639221,18383655.8
1265760121,21930525.4
126625232,26249842.2
1266854541,22680049.0
1266857808,16364470.2
1266859938,23861220.2
1267021789,16684437.8
1267880986,16881958.6
126790315,22680049.0
1268769573,16956690.8
1269253757,28958853.0
1269542251,28958853.0
1270605742,16055283.2
1270753287,8833400.4
1271458082,11039975.2
1272356913,29110199.4
1273244004,8833400.4
1274841432,22680049.0
1275918064,31651894.6
1276176836,16544924.6
1276225678,25970404.2
127669549,18939422.6
1277106217,30090050.8
1278306150,24584226.4
1278603683,20357497.6
1278829366,25970404.2
1278968691,23715887.4
127998922,8969025.4
1280459895,5586764.6
1280586826,9263317.8
1280739208,26519093.4
1281262417,14262548.6
128130872,13055070.8
128144433,2748775.0
1282052294,24520875.6
128323508,22680049.0
1283526641,1885561.0
1283573689,26249842.2
1283709970,31073634.6
1284285054,17361659.2
1284309765,26520249.4
1285239035,19403491.4
128716706,25833568.6
1287286275,31073634.6
1287402853,9282498.2
1287615701,14622692.6
1288080146,25833568.6
1288194015,8634367.6
1288880407,24311390.2
1289259843,26001850.2
1290142372,25833568.6
1291417658,30322643.0
1291687640,30267593.4
1292845647,28687939.4
129287408,30090640.2
1293088481,28011145.2
1293102918,20476574.6
129320976,26876087.6
1293710766,31076254.4
1294359814,31882647.0
1294381215,25482009.6
1294895949,16700678.6
129657665,23815616.0
1296601630,27184417.8
1296693816,18668303.0
1296697611,36961691.4
1297437712,31452471.0
1297566199,26453362.8
1298037063,24843696.0
1298395396,18367225.0
1298711544,22776413.0
129965179,23473945.4
1300210122,12907820.2
1300256705,36961691.4
130096034,24795113.0
1300979382,23997533.4
1301215104,20476574.6
1301925952,25845124.0
130209120,27184417.8
1302280863,24801645.0
1302654402,24473023.0
1303574893,14262548.6
1304034123,21406844.4
1304106205,19907594.0
1304351479,16555785.0
1305093267,30267593.4
1305129725,3003418.6
1305598339,36961691.4
1305694172,21297002.0
1305758519,20475066.6
1305823886,24843696.0
1307215143,24843696.0
1307328343,44886156.2
1307861967,14476073.0
1308565628,18671887.2
1308750050,22683092.2
1309817072,30267593.4
1310208823,27184417.8
1310911931,3471223.2
1310954041,29132760.4
1311274723,12617293.8
1312446527,12907820.2
1312630419,3240680.2
1312764883,22739759.6
1313448605,23329459.0
1313551275,35472203.0
1313680478,28497142.0
1313787407,5023212.4
1313998053,20190011.2
1314192981,22301398.0
1314629889,14325221.6
1315469276,28012055.0
1315506288,2872704.4
1317025433,11903133.4
1317400348,11903133.4
1317554940,25482009.6
1318204178,14454576.8
1319370888,14454576.8
1319378846,14454576.8
1319864887,22396992.4
1319975881,24843696.0
1320010275,16555785.0
1320483504,12472566.4
1320498730,14262548.6
132258958,30815514.2
1323724621,30267593.4
1324741890,18880283.2
1324761660,16555785.0
132489921,29132760.4
1326488338,22564330.8
1326617744,13170879.8
1326807935,38477723.8
1327115949,20475066.6
132764109,23329459.0
1328234349,31452471.0
1328518626,27032642.6
1328943551,36412350.8
1328956322,14622692.6
1329020649,16835264.2
1329220620,30923433.0
1329263976,32290228.4
132927805,16555785.0
1329905008,29194167.0
1330823364,22993405.0
1331551006,29132760.4
1332087486,25005967.0
1332361740,18960774.8
1332574136,26968312.2
1332634054,1843069.4
1333272006,30923433.0
1333853572,24688402.4
1334508596,27600847.2
1334588229,14325221.6
1335503667,18363989.4
1336077563,22061184.8
1336134836,30923433.0
133629750,17998139.0
1336882195,39399539.4
133763341,33290181.8
1337708357,19977314.8
1338729778,28012055.0
1338917012,23648567.4
133899712,19977314.8
1339140243,18363989.4
1340035112,23396808.0
134008248,26762427.4
1340699060,30059460.4
1340723162,28274880.4
1340962670,31882647.0
1341275515,18880283.2
1341530534,14325221.6
1343997378,16028233.2
1344317045,21406844.4
1344426246,32290228.4
1344705421,24473023.0
1344839103,39399539.4
1344874727,25874803.8
1344932064,28297670.2
1345496888,31171642.6
1345648815,15013408.0
1345892489,24840980.4
134592962,14486005.8
1345995920,17565037.0
1346216299,14622692.6
1346352171,24840980.4
1347072942,24796061.6
1347428608,25544391.0
1348064674,30033015.6
1349173274,25544391.0
1349479780,25544391.0
1349973145,24796061.6
1350466548,26762427.4
1350859070,34753427.4
1350940792,31762432.0
1351464367,20715793.0
1351967389,14900176.6
1352085264,24688402.4
1352232540,15013408.0
1352696610,14785191.6
1353979920,26724905.8
1354460277,20569559.8
1354938804,21795314.0
13555849,20554921.4
1356478673,22236518.2
1357148161,22421229.8
1357279829,30853692.2
1357911280,20554921.4
1357967825,18470204.4
1358091136,23667526.0
1358099181,26321476.8
1358458285,16972435.8
1358944219,29586162.8
1358957614,23667526.0
1360465324,35642872.0
1360677443,20190011.2
1360677928,20799964.4
1361656569,26566361.0
1361703143,12440231.0
1363015883,23199470.0
1363345018,15349245.4
1364052091,11754630.6
1365429543,28995511.6
1366126036,2494574.6
1366400860,24514311.8
1366986013,16972435.8
136698635,29586162.8
1367207994,26321476.8
1368009563,21936643.0
1368969105,15710307.6
1370207576,27421471.6
1370726402,23480480.0
1371032972,21970793.6
1371124950,26762427.4
1372045435,31259203.0
137275078,27637057.4
1373364071,31259203.0
1373498251,23608859.6
1374505946,31501749.8
1374758095,25201470.0
1375203977,23608859.6
1375353446,29160007.6
1376247982,21365297.4
1376574453,24098562.8
1376578175,22885521.8
137679693,25666260.6
1377003857,36708299.0
1377244339,23608859.6
1377591970,24578770.2
1377931300,24410650.6
1377934753,21537508.2
1378201806,17565037.0
137834515,31926078.8
1378538542,27281324.0
13787554,22179810.8
1378847502,24578770.2
1379040576,21970793.6
1379738583,23839668.6
1380340436,19573441.6
138039480,23608859.6
1380998187,19629270.0
13810270,16028233.2
138147248,18871209.8
1381523950,23370900.4
1381856680,26215264.8
1382431979,18894329.4
1382546481,18894329.4
1383888094,22179810.8
1384601116,33205478.0
1385372778,14435585.4
1385520858,21365297.4
1385743153,17212120.2
1386110645,30974467.0
1386901660,21936643.0
1387300995,36708299.0
1387473393,18871209.8
1387843214,26453383.0
1387912675,29160007.6
1387922773,24749571.0
1388662654,16531097.2
1389436963,26215264.8
1389468202,35206693.4
1392432372,20569559.8
1392504290,26750273.2
139264857,30338576.8
1393018175,24098562.8
1393369578,27723165.6
1393728805,29824198.6
1393743223,28755200.0
1396043556,29824198.6
139656908,29160007.6
1396760068,29824198.6
1397337085,17042408.2
1397536621,17212120.2
1397959564,30934402.8
1398442640,19750824.4
1398925521,7837134.2
1399092321,24633069.2
1399150490,26500431.8
139925492,16127117.8
1400253000,17670253.8
140031872,25682068.2
1400727315,8770760.6
1400929225,15097084.6
1402556914,23275458.0
1402674973,19750824.4
1402914692,25683668.8
1403005697,28137883.0
1403222059,27421471.6
1403244730,25427998.4
1403440092,13927024.6
140348256,27792868.8
1403947680,22741985.8
1404122310,26990748.8
1404179874,22179810.8
1404322654,23016136.2
1404502479,30559293.0
1405189645,22741985.8
1405443107,26804097.0
1406234149,13927024.6
1406456924,35213827.2
1406626451,17695792.4
1406938061,22748594.2
1407084157,31273887.6
1407094442,26500431.8
1407261706,20067209.8
1408285202,30559293.0
140851065,20569559.8
1408645616,30625111.8
1408663387,19914414.8
1409167039,5342991.4
1410476318,16464690.6
1410567660,16531097.2
1410663630,30559293.0
1410667473,16795095.4
1410693848,20873424.4
1411419095,24160140.0
1411775590,12245487.0
1412442495,14726511.2
141250336,30559293.0
1412551688,24389940.6
141279579,13011384.4
1413196778,26500431.8
1413419956,25538855.0
1413459553,24867765.2
1413955161,23319568.4
1414081636,23014592.4
1414856943,31348861.0
1414888691,19904859.4
1417147250,22167468.6
1417251029,17967995.8
1417483552,36999525.2
1417547769,22748594.2
141900078,36520535.2
1419062310,23500329.4
1419273442,23374974.8
1419366371,25528602.2
1420022233,16169240.0
142016409,21628131.8
1420404974,28371404.6
1421336443,25618054.8
1421646167,22885521.8
1422136694,7426027.6
1422467265,23374974.8
1422856161,22884491.2
1423567749,8735802.4
1424510231,4420048.6
1424738928,29713746.6
1424964276,23398000.2
1425060539,30970868.2
1425732038,14404177.4
1426693444,25618054.8
1427234962,12297487.6
1427376683,24160140.0
1428662973,10226412.6
1429720483,24160140.0
1429986546,19947181.6
143072526,8535022.6
1432155265,19947181.6
1432170310,27887005.6
1432222552,19629270.0
1432725171,14002532.2
1434612372,17350726.6
1434896619,18616418.2
1434967441,27218680.0
1435604135,18240553.4
1435710094,15214894.6
1436148540,8535022.6
1437169630,30932396.4
1437432319,26766560.8
1437553540,36369359.6
1437660399,12297487.6
1437708188,20835452.0
1437790674,10226412.6
1438275988,14600190.8
1438676404,24055260.2
1439362849,10226412.6
1439683436,30970868.2
1439873054,16308989.6
1440363043,21139974.6
1440716735,28213993.4
1440719862,35213827.2
1440782876,35213827.2
1441988574,14588464.2
1442464431,1659939.2
1442958573,18110033.4
1443158011,10229909.2
1443160198,21618900.8
1443481225,18240553.4
1443500291,33784469.2
1443519091,18240553.4
1444160100,24794152.4
1444262099,28114643.2
1444387622,14923350.8
144439544,23988447.6
144472636,29890579.6
1444957178,18580210.8
1445132059,30293906.8
144524710,32436230.4
1445652932,9417254.8
1445824208,20586370.8
1446284136,28998900.8
1446664944,13697680.6
1447237480,19862908.4
1447263565,14588464.2
1447502349,30293906.8
1448402324,27709080.6
1449261406,19862908.4
1449852524,16960230.8
1450261744,35140578.2
1450513592,28213993.4
1451062875,15695563.2
1451204584,37073505.6
1451279123,31957527.6
1451955122,23647487.2
1453766944,14923350.8
1454051706,25858922.4
1455109840,18680632.6
1455221961,16438580.8
1455373409,11948150.6
1455809756,28560980.6
1456047002,18680632.6
1456852927,24609524.4
1458614920,14923350.8
1459085269,15139670.8
1459680684,15267548.2
1460750672,26520766.0
1460923158,15739424.2
1461290290,28165791.0
1461319494,34431171.2
1461450381,23647487.2
1461706190,27896808.0
1462046575,28560980.6
146209214,22816059.8
1462188075,24794152.4
1462667376,28560980.6
1462800416,20854377.6
1463782910,21779032.2
1463836548,23647487.2
146420447,22185856.2
1466017476,4335716.4
1466051838,16730830.6
1466563606,15932842.8
1466604072,20159049.0
1467444506,14900176.6
1468181012,29995255.2
1468312828,26782193.2
14685760,18240553.4
1469153943,22084850.0
1469190191,30621610.2
1469260621,18327094.6
1469324627,19652708.4
1469540533,23836196.0
1469602035,18680632.6
1469935552,22816059.8
1470369862,19111252.8
147102860,19904443.2
147128247,36137909.0
147205244,21985055.2
1472087348,25777910.4
1472473932,22152357.6
147392583,17442570.6
1474141102,22424323.0
1476041037,24150308.6
1476171977,22152357.6
1476309575,24614215.2
1476322553,26782193.2
1477015307,21401120.0
1477395136,23319568.4
1477663242,25064645.8
1477839540,19856306.2
1478302828,23834999.6
1478564166,21488235.8
1478840230,15101097.8
1479213552,26782193.2
1479278577,26342401.2
1479710173,31107179.4
1480698713,19506640.2
1482496421,26782193.2
1482862649,14534533.8
1483578286,37769646.2
1484098101,19630276.0
1484819245,20470349.6
1484856965,14808810.2
1485671228,27771990.0
148576934,23563903.8
148601568,18860050.4
1486075932,29164151.8
1486142922,19120261.0
148632090,21019385.0
1486489212,22156569.0
1486668961,8797878.2
1486929834,21373820.2
14879891,22332147.8
148815721,8797878.2
1488245608,8797878.2
1488662239,18150680.8
1488959516,25802556.0
1489598665,43262643.4
1489646598,16426266.2
1489953884,26182845.0
1490325704,30559617.0
1490656252,17966826.6
1492219470,33357796.2
1493034353,17409620.2
1493166217,18329653.2
1493424939,16351985.8
1493638592,27120948.4
149374383,13476757.2
1493932041,30843788.6
1494607307,18693653.4
1494708577,8797878.2
1495126611,18329653.2
1495345557,17409620.2
1495482792,10302714.2
1497265174,16521400.2
1497445622,18829053.8
1497846794,30745812.2
1499144685,32871643.6
1499296427,13344314.4
1499681561,21320367.8
150069740,27790967.2
1502052925,27093451.0
1502208709,37073505.6
1502376061,30796654.2
1502408473,21320367.8
1502692763,29053371.0
1502945599,30843788.6
1503670205,17409620.2
1503780649,28195062.4
15038768,30843788.6
1504876934,32436230.4
1504911882,23647487.2
1505089359,37769646.2
1505556122,29455722.8
150565400,21302250.4
1505680768,21320303.8
1505762469,27887005.6
1506120842,25028828.0
1506387394,25898136.8
150692731,25422652.4
150706632,24172717.0
1507583987,25898136.8
1507603213,19756846.4
1508036805,32207976.4
1508291375,27483062.2
1509404697,17882714.2
150962494,28565796.2
1509748401,30831922.4
1509795330,22415359.0
1510713124,17442570.6
1510886295,29518204.4
1510912952,27850989.8
151107051,17442570.6
1511476858,7950613.6
151157022,26023366.8
1511802934,28241970.2
15118652,28241970.2
1511969211,30203563.6
151240150,24458793.0
1512562688,25164398.0
1512687161,27483062.2
1513196726,25745188.8
1513209651,21641600.6
151326352,26092996.0
1514030702,28241970.2
1514632329,25472502.8
1514701930,32365119.8
1515347392,4844834.2
1516882705,17442570.6
151767499,29309549.4
1519380697,28636878.0
1519401781,28241970.2
1519481245,18056588.0
1519559429,29309549.4
152072473,33044632.4
1520759814,23114358.4
152111866,26172915.4
1521233834,29518204.4
1522261632,22462910.8
1522314619,28565796.2
1522883469,23166803.6
1523753816,27728857.2
1523983812,26938645.8
1524599064,23497764.8
1524808856,13539703.6
1524814836,30203563.6
1525509255,29827787.0
1525760982,15133791.4
1526747205,26833614.8
1527528712,34169330.8
1527530975,26092996.0
152867048,4980672.2
1529424839,18727595.2
153007144,25936282.0
1530092377,29013204.0
1530348286,23461530.4
1532608723,31693779.6
1532720435,21074402.0
1533236910,32075070.6
1533408168,26425301.8
1533439228,22890021.6
1533558667,18199395.4
1533625076,29309549.4
1533843141,17077596.4
1534028825,26833614.8
1534568373,15087922.2
1534853725,31501749.8
1534910358,25472502.8
1536905602,23114358.4
1537170513,29309549.4
1537199208,28354264.8
1537645954,14081604.8
1537766774,20960933.0
1537869655,17045917.2
1539005013,19958868.0
1540053816,18504039.4
1540481927,15033294.6
1540579925,26833614.8
1541433823,26833614.8
1541798814,13403453.6
1542102359,17780726.2
1543271024,3003418.6
1543404630,33499544.6
154409450,27861587.6
1544513511,15087922.2
1544540742,29080647.4
1545024767,22944588.4
1545662207,22990427.8
154613191,15644388.2
1546500531,32987934.2
1546647257,16110421.8
1546922076,13903014.2
1547755719,23206244.6
154787093,22261555.6
1548235700,29798252.8
1548788345,2494574.6
1549923926,26833614.8
1550253917,18600537.4
155043963,31693779.6
155056884,5754339.2
15525330,12198536.4
1552761888,22990427.8
1552764843,24172717.0
1553019029,30973107.8
1553350259,29309549.4
1554283260,10572962.0
1554735767,19929574.2
1555470862,5754339.2
155632232,26425301.8
1556454835,24184551.8
1557541129,20293395.4
1557614721,31412449.2
1557776093,23040473.4
1557962429,20073050.8
1558259403,5643051.0
1558445312,19120261.0
1558786314,20293395.4
1560069411,15992393.8
1560072843,12198536.4
1560663307,23324783.8
1560889869,30828079.4
1561308440,30973107.8
1561331479,26421548.4
1561334237,26425301.8
1561688102,20033890.2
1561804830,23497764.8
1562801720,19844906.8
1562841966,20293395.4
1563489982,17734225.2
1563807677,19120261.0
1564588400,32680965.4
1565193330,22774302.2
1565222536,19956736.4
1565482774,22944588.4
1565589764,26690985.2
1565591534,15534069.2
156595138,25976401.6
1566132188,28134020.6
1566373795,27858213.8
1566722014,12003204.4
1566801415,22890021.6
1566899404,15567044.2
1567108572,18600537.4
1567124119,6072112.6
1567324269,21074402.0
1567718314,22733857.4
1567721120,2494574.6
15685360,19502436.6
1570560259,20179543.4
1571332963,30106126.8
1571669313,15534069.2
1571909877,15992393.8
1572446006,20172116.8
1573377605,31562827.8
1573552780,26055381.6
15737284,26220551.6
1574642598,31562827.8
1574845881,29080647.4
1574915383,17734225.2
1575169310,31292618.0
1575325627,20892348.8
1576289277,30000981.0
1576456949,27985226.6
1577179301,19217739.0
1577203317,19543402.4
1577225037,26020541.6
1577280457,11459606.2
1577367680,15438977.4
1579307701,19844906.8
1580439748,19956736.4
1580979374,23184787.4
1581516910,25729378.0
1581535482,34820487.4
158177105,31077397.6
1581973088,24838903.2
1582079735,33941180.6
1582153669,19440697.4
1582918411,22890021.6
1582932667,24521517.8
1583152581,32556147.4
1583418568,31576337.0
1584345184,16807108.6
1585058268,27985226.6
1585404290,13477961.8
1586311193,27985226.6
1586315342,37519785.2
1586453317,9062694.8
1587797749,27024600.4
158808629,24838903.2
1588190171,19543402.4
1588195813,21023315.2
1588345140,25435473.2
1588977747,23833421.8
1589908307,11554902.2
1590373443,28346954.2
1590661832,23911262.2
159071987,37519785.2
1591530518,25729378.0
1591648528,20191481.4
1591838239,19084488.6
159254576,19686667.2
1592618501,16521400.2
1592733007,20584236.0
1593620672,7492850.6
1593819793,25611040.2
1593881532,25611040.2
1596088659,13081505.0
1596396273,30000981.0
1596652528,17347032.4
1596656076,21847997.2
1597120941,24558662.2
1597167581,12143875.8
1598027075,21847997.2
1598529424,21847997.2
1598579219,31419090.8
1598867065,28552399.4
1599567355,21813434.6
159994029,24384183.6
1600768087,17221321.8
1600911148,30544111.0
1601879671,23833421.8
1602353393,24268675.2
1602806318,19766979.6
160311230,18566985.2
1603113637,27367116.2
1603169207,13301354.2
1603965113,19423184.6
1604029643,21664990.4
1604854130,17880607.8
1605937406,26372731.8
1606293873,25329550.2
1606405966,23217458.6
1606687852,26332430.4
1606727044,23401393.6
1606986046,32002307.6
1607261076,25534294.2
1607344773,31076797.4
1607574370,26536721.6
1607704106,16870724.2
1607992811,24599814.8
1609083406,47915930.4
1610320452,20607035.0
1610438119,20427335.4
1610557757,17404550.8
1612658867,29354562.2
161359660,28552399.4
1613919491,17844009.2
1615291178,25534294.2
1615710791,28833011.8
1616052461,28227633.4
1617137408,31076797.4
161824206,27964005.2
1618611548,30865857.8
1618642010,26222671.6
1618681992,32352516.0
1619054199,26673540.0
161907109,24550972.2
1619573441,26536721.6
1619708381,25366336.6
162096643,20318329.0
1621292754,20951097.4
1621317326,24193853.8
1621736580,27014640.4
1622409915,34958354.2
1622505642,24550972.2
1622538307,29957265.2
1622981665,31162100.2
1623384046,27880130.2
1623655934,7837134.2
1623980475,26269910.6
1624253744,28114819.8
1624949961,13084471.0
1625290411,12303933.6
1625600951,13518283.4
1625609574,29111098.0
1626437563,26163444.6
1626674258,24550972.2
162722008,25793917.0
1627658612,18163610.0
1627975310,22474581.0
1629106107,26163444.6
162926555,23911262.2
1629550343,22367932.8
1629587216,27004752.6
1629643803,19715141.6
1630228584,24206692.2
1630279379,16481869.4
1630569825,27802110.0
1631336027,23401393.6
1632535663,18163610.0
1632557353,27770793.4
1632583965,15419914.8
1633360830,28437620.6
1634106584,32363837.2
163436705,27014640.4
1634625168,20636407.8
1634919976,12217835.8
1635285590,32352516.0
1635734529,18163610.0
1636322057,21269973.0
1636892588,21614235.6
16377035,27004752.6
1638035861,25665412.6
1638430995,27880130.2
1638487506,20881710.6
1638717547,14848565.8
1639333839,2661508.2
1639990361,2339412.0
1640303200,21449993.4
1640400054,27931078.2
1640671020,18163610.0
1640919122,19748966.0
1642072889,25610616.6
1642532502,5029548.6
1642805858,25610616.6
1642957741,26148299.0
1643495358,26148299.0
1643568466,20636407.8
1643620295,17400638.8
1643914860,21734939.4
164402661,13071871.4
1644400982,23270595.8
1644815944,22800457.4
1644850249,22457727.6
1645508690,22800457.4
1646467816,18861113.0
1647077641,23047705.8
1647257575,20636407.8
1647327707,22800457.4
1647654553,19713843.6
1647674114,20157711.6
164798551,21498869.2
164890155,30103700.4
1648977848,20636407.8
1649051276,23047705.8
1649549859,26148299.0
1649748344,18674940.8
1649933394,22457727.6
165200206,42500282.0
1652114233,27545674.8
1652870504,4980672.2
165447134,26483125.0
1654474728,21545732.8
1654531953,22882283.6
1654655678,30026113.2
1655117264,24268675.2
1655885803,24294618.8
1656408967,19713843.6
1656662672,28373772.4
1657095390,19892625.8
1657113850,21734939.4
1657717794,25704850.2
165778108,25704850.2
1658170941,20384810.0
1658693785,15414560.0
1659498570,15414560.0
165983127,24268675.2
1659836040,36724276.4
1659897895,28238362.6
1659940427,31316474.0
1660325198,18195490.0
1660458173,14148445.6
1660531047,16521291.6
1660774367,22608647.6
1661002035,31155890.0
1661123112,25177594.8
1661769066,28416517.4
1662385103,36084909.6
1662488329,27400475.6
1662666428,27400475.6
1662707704,21109206.2
1662980545,24012338.6
1663507226,24978140.0
1664244261,6948563.2
1664535047,15862593.4
1664537012,14428600.4
1664633281,14898284.8
166516369,20384810.0
1665696677,36084909.6
1665816909,4464113.4
1665859674,28361064.2
1666016762,21109206.2
1666037045,18195490.0
1666736798,22882283.6
1667192884,18880416.2
1668596564,28957175.4
1668927022,15496169.2
1670044894,25971267.8
1673078322,4980672.2
1673131704,30918957.6
1673190528,26485493.4
1673745979,22321551.2
1673808277,28361064.2
1674520710,32365473.2
1675304792,14436181.4
1676337198,32559189.6
1676626416,29728054.6
1676626801,20947296.0
1676644030,28957175.4
1677777034,32504786.8
1678614313,31155890.0
1678801994,18880416.2
167910682,31190418.4
1679797038,17177035.2
1680110817,20947296.0
168031461,32635101.4
168061873,13208148.4
1681357380,24214650.6
1681896366,25014672.0
1682499870,23886835.6
1684619539,29321159.0
1687130255,14380746.6
1688414695,12356929.2
1688829653,31705547.8
1688844244,15775801.4
168903539,23570958.4
1689674359,27863600.2
1690458083,33967201.2
1691053444,25280264.0
1691322781,30477496.2
1691939173,17930903.8
1692940358,31705547.8
1693182700,15390036.4
1693633195,25704850.2
1694484234,29321159.0
1695657865,32504786.8
1695772898,33794481.8
1696196745,36724276.4
1696230471,28671433.0
1696428789,29238245.2
1696879043,28671433.0
1697294554,33832633.8
1697700974,16701416.0
1697989660,22951336.8
1698103651,24697087.8
169856050,20116474.6
1699037504,30704320.2
1699110788,23390708.0
169924430,25243784.8
1699783975,24890541.2
1700043853,25243784.8
1700093004,22408118.2
1700303244,25773604.4
1701117181,27452591.6
1701588334,28481852.0
1701589386,27224583.0
1701666360,24639606.8
1702022349,19691014.6
1702047198,32621502.4
1702088520,26416383.0
1702092683,25134817.4
1702619561,37649673.6
1704169438,24639606.8
1705846659,24737248.6
1706039642,27224583.0
1706046814,24639606.8
1706661278,36277526.6
1706956734,32004334.6
1707721881,25356070.6
1707927431,2712794.2
1707941878,7604608.0
1708031664,4268121.8
1708398459,25243784.8
170846154,13309914.2
170876718,16701416.0
1709437305,33832633.8
1710136076,33832633.8
1710219667,22882283.6
1710703034,22986338.8
17116587,18195490.0
1711869645,21322718.4
1713113385,6554311.8
1714364025,24941607.4
1715006792,22268157.4
1715071327,18441822.2
1716709296,37649673.6
171770953,20574185.8
1720483809,26740330.2
1720926032,11132235.0
1721845898,22951336.8
1721863898,16317620.8
1722218659,33042964.4
1722219544,20988903.4
1723009004,26597291.6
1723670393,33042964.4
1723765105,28920841.8
1723838806,19454603.2
1724893776,22951336.8
1725139160,28877963.2
1725440304,28877963.2
1725501178,24725792.4
1725681486,27303321.4
172630657,23675403.0
1726437005,23675403.0
1726460483,26711818.0
1727538054,28920841.8
1728243757,12710365.0
1728354879,21498869.2
1729294003,36405122.4
1729341905,19694175.0
1730111858,26711818.0
1730836674,29019806.4
1730966873,25356070.6
1731442072,34529042.0
1731539296,30650541.8
1731671258,11528321.4
1731895459,26245342.0
1731908944,33832633.8
1732517587,19363925.6
1732710532,18955470.8
1733776026,27350686.8
1733795208,21807774.2
1734310781,27303321.4
1734582169,35335526.0
1734610823,15725975.8
173573447,35335526.0
173647205,20574185.8
1737493119,8814884.4
1737760647,21463486.6
1738729842,18729231.8
1738967219,27665456.0
1738991450,24803543.4
1739556474,31209033.2
1739584326,15864211.2
174001793,22789964.6
1740283876,30239874.8
1740565995,16946298.6
174076851,22013453.0
1741159826,10412603.8
174155475,27303321.4
174184608,11396887.2
1742363378,36653139.8
1742514145,11132235.0
1743573729,19548794.8
1744174750,19548794.8
1744744506,19289015.8
1744862080,4610751.4
1744933255,4786011.8
1744988968,16946298.6
1745355323,17100856.0
1746134419,33004360.2
1746205662,16317620.8
1746480690,15049296.8
174681942,16317620.8
1747359878,15496169.2
1747440698,19548794.8
1747514957,25317340.6
174755973,21990771.6
1747991270,24033359.2
1748875356,26632613.2
1749369404,45458990.4
1749413028,23387003.6
1749570880,22569904.0
1749901723,23387003.6
1750361100,24167144.4
1750688026,23387003.6
1751225823,20715010.6
1751297926,24754000.4
1751360072,20195267.4
1751861795,22321551.2
1752012044,20543746.2
1752158034,23342413.0
1753654937,23387003.6
1753782694,22522726.0
1753948023,23342413.0
1754306705,12147172.2
1755124940,31303475.6
1755381255,9695095.8
1755781698,27076174.2
1755937906,19073850.2
1756532483,24705228.6
175656364,7974639.0
1756847193,24725792.4
1757611801,26903371.2
1757615130,22522726.0
1757782121,26003310.4
175810421,27629689.2
1758285759,21458987.4
1758659969,11885906.4
175893382,18984830.8
1759043869,24915160.0
1759210199,22350364.4
1759931361,18612175.8
1760235933,21756840.8
1760653534,22840546.4
176086997,29997210.2
1760886126,13908905.2
1761570399,33124886.2
176160971,8814884.4
176209287,20715010.6
1762247308,33435282.4
176230486,12860833.2
1762541807,33124886.2
1763128315,10552399.8
176524368,27915611.0
1765356109,22588496.6
1766676095,16986022.2
1766869024,32252977.2
1767003035,22816172.2
1767129245,32252977.2
176793362,29718556.4
1769819935,9695095.8
1769830256,33435282.4
1770249214,31303475.6
1770453587,28592734.0
1770479433,16604081.4
1771457699,9991323.6
1771970232,13075736.4
1772005623,24859820.8
1772142112,20434864.2
177224827,30239874.8
1772558965,30808035.2
1772905707,11994641.2
1772961341,36487546.6
1774178760,21316734.4
1774865955,24859820.8
1774928274,21960155.0
1775694000,16245511.2
1775977748,18352861.4
1776545354,11103572.6
1776661682,23158608.0
1776689049,26213699.4
1777078655,21960155.0
1778033056,26710996.6
1778564935,30302472.6
1778817952,8046421.8
1779027136,12246595.4
1779441152,25257716.4
1779587613,12822850.4
1779729821,14792610.4
1779752448,8814884.4
1780106336,15141778.4
1780897562,28642418.4
1781549871,18955470.8
1782750702,30302472.6
1782795742,22605063.8
1783211610,26319264.8
1783361279,12860833.2
1783927062,31343567.6
1784003284,28364740.8
1784303360,47915930.4
1784875135,7989203.2
1785337401,23330466.2
1786596222,30808035.2
1787322521,14436181.4
1788435940,27915611.0
1788555372,27858475.0
178901494,10412603.8
1789535259,20510720.6
1790014943,10663642.0
1790767904,22427376.2
1791400073,23582113.2
1792016264,12303037.6
1792488399,22590488.0
1792515981,26992462.8
1792559771,26213699.4
179291279,16334909.2
1794355873,22399908.2
1795012208,27915611.0
1795112460,20510720.6
1795176550,27915611.0
179525834,5480076.4
1795602202,18959487.6
1795606172,31614598.6
1795614622,21942222.4
1795806549,22107132.4
179584121,9249733.4
1795889126,33755015.2
1796116403,25318635.4
1796552926,31665824.8
1796828348,20551428.6
1797832781,31065174.8
1798529911,22107132.4
1798614789,3220261.6
1798699284,12961367.4
1799056940,16334909.2
1799211709,35132772.8
1799261863,22052579.8
1799326521,14821844.4
1799744991,25118592.8
180022915,36487546.6
1800749408,22170711.2
180078780,22052579.8
1800836003,24372938.6
1801474339,20427335.4
1802493796,30147292.8
1802697767,28195062.4
1803854013,24707566.4
180412483,28917722.0
1804239808,18955470.8
180435922,33190793.8
180442009,18793786.2
18045429,16334909.2
1804779174,22107132.4
1804866305,24725798.6
1806903214,18535423.2
1807997703,33867027.0
1808003135,23129468.0
1808764133,6167496.0
1809144248,12013381.4
1810962014,20484123.6
1811060976,11069212.0
1811771508,27508440.8
1812071509,22107132.4
1812302207,24781466.6
181232508,31211969.8
1812857030,30797387.4
1813254872,30935025.8
1813316595,22518651.6
1813448113,24725798.6
1814483196,35782076.6
1814641162,17298725.6
1814728524,17110674.6
1814907428,22170711.2
1814978741,22661238.0
1815447033,15059476.6
1815738315,27429806.2
1815907735,27932274.8
1816226657,21212113.0
1816660037,28505451.8
1816809145,34797096.6
1817126225,34712903.2
1817642771,26538194.6
1818420386,33145270.6
1818549757,27076459.4
181930949,31604823.8
1820536462,23692451.8
1820718918,25843917.0
1821339602,26764101.2
1821527103,28505451.8
1822328263,34504142.6
1822429217,23734382.0
1823489756,18088591.6
1824403119,4812004.2
1824838847,22061954.2
1824950572,29449596.8
1825059086,31604823.8
1825341042,19943966.4
1825350523,25827955.8
1825588312,25744703.4
1826631403,20893084.4
1826701813,26279777.0
1828751957,24742582.6
1828811427,14393028.0
1830012984,30387640.8
1830661783,16727974.6
1831067564,28957204.8
1831534866,18023498.0
1832090295,24624626.8
1832548753,17298725.6
1832562741,27429806.2
183261008,12545697.8
1832717665,29672630.0
1832960673,21731442.8
1833020166,30822134.4
1833706259,24742582.6
1835203048,20165980.0
1835351538,18329337.4
1836010798,23326542.2
1836811096,24015889.8
183681243,16986022.2
1836987260,28494387.4
1837005818,20119289.8
1837383029,26831795.6
1838044713,10380946.6
1838577064,24017792.2
1839339142,9794092.6
1839787224,23326542.2
1839914690,18195490.0
1840552452,17306460.2
1840876629,22531253.6
1840889530,23789995.4
1841041805,28505451.8
1842050033,24407151.0
1842353536,10573969.2
1842507581,24208863.0
1843103687,23498061.4
1843106667,12545697.8
184364998,24898890.2
1844114621,12545697.8
1844400215,33004360.2
1844835543,31129283.2
1845110914,12812500.8
184540592,12545697.8
1845995648,19735605.6
1846137609,23437427.2
1846591,25390518.8
1847054966,17073148.6
1847150368,25862230.4
1847339053,31125907.0
1847973982,21189045.6
1848578834,10229909.2
184881813,22003787.2
1849160248,14686905.8
1849860470,12545697.8
184996575,31788266.4
1850894199,18955470.8
1851148132,16404841.6
1851591417,20165980.0
1851830642,31788266.4
185210009,30822134.4
1852580754,19202869.8
1852779090,24208863.0
1854106784,30353789.4
1854263187,31788266.4
185435567,6948563.2
1854628310,19640615.0
185475086,14686905.8
1854908358,32842939.0
185583752,27026464.6
1856292606,26814873.0
1858051447,23064646.2
1858752827,18699565.2
1858882574,29375365.6
1859080601,12812500.8
1859470905,23330792.0
1859514173,31150979.4
1859768578,29754847.0
1859821935,19870048.0
186049934,35702831.6
1860735595,32842939.0
1860793426,22821081.2
1861136023,32842939.0
1862197689,23330792.0
1862848849,9794092.6
1862976121,14686905.8
1863667731,28757472.2
1863970879,32842939.0
1864042146,16370002.8
1864294958,12802858.4
1866274078,16699207.6
1866515652,27870729.6
1867066422,18407528.6
1867729589,26270206.6
1867792421,28888763.2
1868294914,12208269.4
1868336201,22127888.0
1869369572,31125907.0
1869661089,25152715.8
1869756633,24267807.0
1870022469,23022738.8
1870606375,25152715.8
1871098842,21091707.0
1872501987,42457905.6
1873012060,12812500.8
1873556690,4786011.8
1874406272,23062629.6
1875762520,31206098.8
1876246151,24443019.4
1876661931,3810684.0
1877377853,30737137.2
1877594152,23330792.0
1878406837,19894286.4
1878766314,26527990.0
1879757367,23163436.8
1879772258,27858213.8
1880839579,6497357.2
188086453,29318087.8
1881373644,25582880.6
1881438453,14986815.6
188165434,20908581.0
1882410793,24067349.4
1883517059,17149017.6
1883665524,24067349.4
1883687008,32855912.2
1883696145,32796376.0
1884847148,32367411.6
1886344380,13467609.2
1886769185,23163436.8
1886987043,25513046.6
1887047868,47915930.4
1887305432,19870048.0
1887367976,25843856.4
1888095791,25582880.6
1888143699,19894286.4
1888437149,31211969.8
1888442337,16584788.6
1888696517,19894286.4
1889193254,36721181.4
1890593527,5579880.2
1891418251,19950667.4
1892236371,23704206.4
1892346723,31567535.0
1892801987,14986815.6
1893376593,32710262.2
1894979055,27765332.4
1895560758,19734961.8
1895867403,27504493.4
1895879680,26527990.0
1896320158,27132851.8
1896475785,32574413.2
1896602639,29318087.8
1897117523,16654197.2
1897364457,21091707.0
1897452640,32574413.2
1897579422,17585424.0
1897942466,28727080.6
1898495626,25405881.2
189860397,34958354.2
1899178209,28584859.2
1899404884,32484974.8
1899573155,24713386.0
1899738295,33415657.2
1900560867,22173838.6
1900590714,36368415.0
1900909864,28727080.6
1901004693,32484974.8
1901036315,30598642.8
1901334447,19734961.8
1901531819,37052398.0
1903062865,34958354.2
1903089822,30826415.6
1903745145,19734961.8
1904220604,30694446.2
1904359892,21091707.0
1904612417,30120535.6
1904644745,14285492.4
1904699622,35702831.6
1906505674,13676896.4
1907477896,19318901.2
1907967488,18487878.2
1908683122,35585768.8
1908814569,26213699.4
190975230,36930473.8
1909894805,25266611.4
1910377123,42457905.6
1910683521,19316362.8
1910784588,18959487.6
1910832656,28470864.0
1910854293,20262003.8
1912467905,29339369.4
191377567,15821593.2
1914321864,28124264.8
1914600378,16381058.2
191482132,19316362.8
1915110800,31211969.8
19156896,36930473.8
1917159237,18379272.2
1917282367,26814873.0
191737931,34958354.2
1917503119,21517737.6
1917527704,26154894.4
1918044574,20887751.0
1918233778,24389562.4
1918352299,21630817.4
1918360487,20866919.6
1918520817,38679463.2
1919183481,25405881.2
1919208521,23057145.2
1919243833,19950667.4
1919329512,29818664.6
1920199628,16971595.0
1920256938,26769512.0
1920930251,25364689.8
1921559595,35185934.0
1922533431,19597066.6
1922550637,22239676.4
1923243961,26769512.0
1923526983,21517737.6
1923868997,32706012.6
1923881461,25209214.0
1924752407,18487878.2
1925307864,8727374.8
1925628019,22609396.0
1925723673,13467609.2
1926315178,23596005.4
1926564553,17950462.4
1926691886,26903236.2
1927667195,20887751.0
1928017333,19697151.6
1928560987,25099744.0
192886119,28414163.0
1929043439,22299526.4
192923676,17176859.0
1929455259,25909063.0
192955606,24783661.0
1929612636,31218834.8
1929613301,31465339.2
193086515,20440909.6
1931174724,21141035.0
1931757627,36437647.2
1932627280,47915930.4
19327705,41191725.6
1932836320,31218834.8
1932879035,17580903.8
19334151,29339369.4
1934168687,19066045.2
1934229547,35185934.0
193428884,22610036.8
1935878474,12078472.2
1936159281,17580903.8
1936367122,16464062.8
1936486439,9238956.0
1937012872,29309420.4
1937517158,29339369.4
1938125537,21141035.0
1938473432,17829794.8
1938743280,28150543.6
193924465,32063632.6
1940076231,20550259.8
194039587,22969268.0
1940684810,23359220.0
1940807669,15059476.6
1941390029,17580903.8
1942383551,16718197.8
1942733658,16031424.8
1943060459,20550259.8
1943182278,30353789.4
1943373950,23248966.2
1944127807,21532258.4
1944553326,23359220.0
1944948226,21986165.8
1945020467,22403436.4
194567280,31830387.0
1945681734,19868516.8
1945782318,21411452.8
1946119606,31910697.0
1946270616,35994401.2
1946443471,19255373.8
1946515759,28964603.2
1946592059,27076133.6
1946666513,23729155.6
194694638,31125907.0
1948878169,20335148.8
1949765796,35585768.8
1950201058,14473815.6
1950973678,31125907.0
195259674,22610036.8
1952614890,21411452.8
1953501873,24200605.2
195410763,21193118.2
1955314717,11465048.4
1955432817,21532258.4
1955614886,11673828.6
1955760883,21986165.8
1957235969,22210307.4
1957304311,21734261.4
1957593320,12991731.4
1957796636,24111239.0
1958422281,31614598.6
1959519835,23677450.6
1961076530,7215119.6
1961286560,19844044.4
1961394909,10246235.0
1961765898,39297096.6
1961905320,15436921.6
1962838586,28964603.2
1962934363,17297040.4
1963232448,29109514.0
1963562520,27218735.0
1964262681,29109514.0
1964459818,11271652.0
1964629036,16295024.2
1964855818,28150543.6
1965389750,19844044.4
1965441451,35994401.2
1965723498,23359220.0
1965835461,26967111.6
1966015500,29109514.0
1966964193,15436921.6
1968196713,14020294.8
1968287716,1987262.6
1968343855,24989113.6
1968465470,28957204.8
1969167691,28957204.8
1969346241,28957204.8
19693814,26586215.6
196942129,13819924.2
1969647810,27920655.6
1969742960,18487878.2
1970380552,3521817.6
1971386115,34394567.0
1971505485,9277688.4
1971896441,29109514.0
1972116695,11714124.8
1972350442,22365106.4
1972765916,2774605.4
1973467302,22841795.2
1973493369,31292437.6
1973725295,27541431.6
1973757652,32160161.4
1974738442,23286720.6
1975170856,24997693.6
1976702458,18181047.0
1976957121,31907214.8
1977710546,15436921.6
1978888892,15821593.2
1978899497,27937202.0
1979431054,23215678.4
1979596579,21296289.2
1979839856,34237432.8
1979931149,28957204.8
1980120300,22841795.2
1980582945,46012866.2
1981060358,19580918.4
1981736391,2050027.8
198187683,30119728.2
1981928952,23232468.0
1982635176,20898120.6
1982908792,29794869.6
1985475842,25825042.0
1986171846,15049296.8
1986279721,22841795.2
198632987,31907214.8
1987327479,15741261.4
1987666182,27920655.6
198828595,10127820.6
198883212,23232468.0
1990048935,24111239.0
1990445485,17804582.2
1990552166,20057998.2
1990660302,1865037.8
1990984540,25643990.2
1991439490,24111239.0
199150770,27920655.6
1991834430,27920655.6
1992733806,27920655.6
1992962757,17804582.2
1993630154,21546208.8
1995224750,23189062.0
1995318007,28815783.2
1995339394,17282928.0
1996020221,27076133.6
1996236533,24789883.8
1996436465,15821593.2
1996761843,45458990.4
199677833,30119728.2
199758714,39962903.8
1998632037,23189062.0
1999031320,29777423.8
1999249396,29777423.8
1999605295,17707442.4
1999816124,2050027.8
2000347986,24789883.8
200041020,28150543.6
2000584028,27033571.8
2000902559,7215119.6
2001564721,21726040.0
2002038013,15787847.8
2002404734,29867156.2
20029600,19894974.4
2004697443,14989275.0
2005284845,21919811.2
2005287921,24020836.6
200582245,15821593.2
2005894991,28901552.8
2006608401,17023310.4
2006823210,28937910.0
2007716403,19333806.0
2007928321,20373587.2
200839985,12777865.6
2008862417,19456811.4
2010192399,30893405.0
2010286340,24111239.0
2010443578,29888770.2
2010479566,16408542.4
201055248,24458017.0
2010868700,13364089.6
2010947351,22579370.0
2012305591,11967427.2
2013387937,12356043.8
2013408541,29867156.2
2013641040,29888770.2
2014875162,29888770.2
2014992605,13322435.4
2015589007,35277022.8
201613561,16408542.4
2016361594,29810071.4
2016421842,19861518.4
2016647233,11465048.4
2017029610,15801803.8
2017077197,28036249.4
2017078937,39962903.8
2017191725,18376748.6
2018383254,30119728.2
2019233977,29339369.4
2019378960,14694150.0
2021966053,22178886.2
202371458,25322636.8
2024731284,30904409.2
2025261850,18168387.0
2026112332,30119728.2
2027572523,25871405.8
2027698248,27385192.8
2028172074,37880186.4
2028433450,37880186.4
2029121195,15213889.6
2029822552,15664269.8
2030114890,30119728.2
2030813906,32011804.8
2031334949,25322636.8
2031744734,11640214.2
2031787098,21895864.4
2032154038,5591652.4
2032277704,11967427.2
2033311777,25097695.4
2034080287,24272371.0
203457401,25322636.8
2034726326,27691371.2
2035828528,19320894.2
2036342515,17176859.0
203692684,22104341.2
2036967215,18615199.0
2037160701,27470301.4
2038024888,25322636.8
203831916,16907677.0
2038489562,27691371.2
2038722327,24458017.0
2039942615,24545579.2
2039956296,15049296.8
2040053635,27200127.0
2040063058,25328001.0
204026342,18181047.0
2040725785,27691371.2
2041026525,13438020.2
2041042967,27693014.4
2041378428,11637938.0
2041531962,32011804.8
2041546283,18364868.6
2042137471,15870158.8
2042268384,25871405.8
2042812302,20007390.2
2042918322,18613669.8
2044088860,28627633.4
2044425220,23628664.8
2044769449,26989364.8
2044857103,29888770.2
2045584134,18364868.6
2046973849,6168675.2
2047161980,20335148.8
2047751510,26306650.2
2048141973,11637938.0
2049323264,26306650.2
2049689655,32011804.8
2049878637,23647312.0
2049961097,31910267.2
2051279869,25095045.6
2051380720,28815783.2
2051419461,16907677.0
2051568929,19868516.8
2051910093,18043339.2
2052316250,22485640.6
2052740646,25871405.8
2052803958,24158659.4
2052926249,19878712.0
205330197,21895864.4
2054043392,33886309.2
2054480069,27120386.0
2054918937,11637938.0
2055241392,27120386.0
2055600383,18498429.6
2056246508,27350769.2
2057013095,18866423.2
2057025891,25871405.8
2057226721,28300369.0
2057680085,31910267.2
205794295,21819989.4
2058237724,20853931.6
2058263668,18181047.0
2058418470,30443770.0
2058509181,23478914.2
2058785060,26347356.4
2059516238,23763200.6
2061696277,21819989.4
2061764779,25446969.2
2061918698,31910267.2
2062110117,22485640.6
2062317322,32301425.2
20625318,20003314.6
2062852190,21819989.4
2063246350,21596602.2
2063674040,18681559.4
206389858,28374640.0
20653466,16323072.0
206572719,33669139.2
2065822600,22461615.2
2066854946,18586475.6
2067305346,11989998.2
2067314180,20853931.6
2067328997,28374640.0
2067336369,20335148.8
2067984481,11264181.6
2068207140,17454134.2
2068506504,22321288.6
2069011219,25446969.2
2069216227,25663870.2
2069530527,47915930.4
2070066319,11766096.8
2070460953,16043514.2
20705034,22948014.2
2070862888,24015353.6
2071108961,13610234.0
2071210973,13323469.8
2071717542,8537942.0
2071930,15934694.2
2072126984,14148649.2
2072789669,21606394.4
2072954040,19971503.0
2073873772,21075216.0
2073948542,20007390.2
2074827118,19547932.0
2075864965,25997175.0
2076240612,25735250.2
2076370422,26852857.2
2076538456,38067847.6
2076935441,13727586.6
2077327239,7298574.0
2077710984,15224436.0
2078096366,10116565.6
2078242859,21694043.2
207886353,16070173.2
2079037024,24429972.6
2079456865,16081322.8
2079508163,23662803.0
2079552949,19878026.2
2079723566,11989998.2
2079951456,20329924.0
2080261623,17880677.2
2080709222,23662803.0
2080732856,38067847.6
208106303,14665644.2
208131019,16916441.8
2081310524,17846239.6
208140899,27819267.4
2081448139,15049296.8
2081858668,17827579.0
2082076341,23673689.0
2082273024,27123059.6
2083448006,36293033.2
2084557965,20329924.0
2086128634,25910836.0
2086978827,25513312.6
2087820034,17786577.2
2088969715,20220614.2
2089270505,15741261.4
2090294173,17454134.2
209049581,18939031.0
2090552787,12372872.6
2090615912,24991962.2
2090700039,18256882.6
2091434754,23570303.2
2091456928,20220614.2
2092515389,1987262.6
2093243192,36293033.2
2094340763,27325465.8
2098523317,13560970.6
2099255300,25812988.6
2099545508,14665644.2
2099764343,18045743.6
209985028,27143862.4
209988785,20329924.0
2100035633,23385959.0
2101096113,14792610.4
2101205247,27971762.0
2101483319,27325465.8
2101664526,33806432.2
2101914095,4464113.4
2102079746,25493264.0
2102366851,7215119.6
2103009098,25105805.6
2103433447,30158787.4
2103497377,28177420.6
2103793743,25487372.6
2105023395,14665644.2
2105609701,18687940.8
2105852286,28417900.8
2106338108,25997175.0
2106363286,14996508.4
2107068530,24472102.2
2107751377,17912981.4
2108745085,28289679.6
2109000188,12919637.8
2109035625,26151853.2
2109045312,20073956.8
2109398679,20329924.0
2111011766,27317764.4
2111453379,16345497.4
2111464986,26671694.4
2111587424,21857924.2
2111802125,24675744.0
2112694084,20950121.4
2113049479,20772333.0
2113087131,22490806.6
2114051470,16815569.8
211419569,22490806.6
2114376954,24171229.4
2114491672,22490806.6
2114709216,19971503.0
2115425991,10932677.8
2116022538,25404045.0
2116880369,24171229.4
2117564801,15484704.2
211801886,20900559.8
2118180017,25404045.0
2118316109,20688215.4
2118640537,20772333.0
2118733191,23673689.0
2119153068,15296456.2
2119226014,17243562.2
2119980654,9471849.8
212007592,30470553.6
2120169420,20355962.2
2120273955,22490806.6
2120934695,11352879.0
212198464,14541822.0
2122402736,35235565.2
2122859891,20988540.2
2123127162,27470301.4
2123322342,35235565.2
2124443830,13474448.2
2124458115,26568502.4
2124576311,15296456.2
2124669217,15296456.2
2127422643,21914294.0
2127467089,23790287.0
2127528282,19285792.8
2127547586,16815569.8
2127805188,17454134.2
2129202465,27823345.2
2129738903,21607360.6
2129899467,25110946.2
2130405130,20072771.8
21304149,18909270.8
2130486935,23957552.6
2130499839,22476889.0
2130505106,31857455.6
2130540228,19507205.0
2130632982,21863454.4
2130926757,21778081.2
2131475928,22506349.0
2131992792,15281055.8
2132437848,32331793.8
2132892694,30470553.6
2133156473,23231676.8
2133241779,13157298.2
2133326148,17599849.6
2133393237,20883836.2
2133535615,14062092.0
2133808067,31857455.6
2133970291,17932500.6
2134232057,26385499.8
213439290,22576568.8
2134733467,23275875.0
2134844617,23790287.0
2136033932,21079602.0
2137801371,32444369.2
2138253674,21737822.6
2138914806,21596602.2
2139225250,30470553.6
2139587024,23673689.0
2139860001,32331793.8
2140015263,30641687.2
2140378160,30470553.6
2140411487,22169255.8
2140509127,16700804.8
2140731938,30470553.6
2140990861,18134794.2
214183849,19029897.2
2142835830,22941714.2
2143227248,26855842.4
2143457307,25543230.0
2144701601,23806882.0
2144756834,29227558.2
2145274131,20347805.6
2145499088,23806882.0
2145859440,23806882.0
2146132452,20687736.4
2146270165,21606373.2
2146361020,24087298.0
2146908755,25207905.6
2146939378,16323072.0
215856971,17022360.8
216001876,18385880.6
216551209,26864808.8
216780206,16815569.8
216963205,27714688.0
217060082,23146190.0
218199743,19304867.4
219469142,22506349.0
220743032,17528930.8
220782474,24079578.6
220865871,19406632.8
221683713,23806882.0
22262023,19029897.2
222945080,20549114.8
223455906,29400715.6
224267098,26583468.6
224516504,25618593.0
224757189,23638944.4
224845179,30050286.8
225991333,26413428.0
226501251,26855842.4
227106626,19824471.0
227975390,28894962.4
228030886,21596602.2
228045242,23806882.0
228274737,29400715.6
228392309,23498061.4
228916106,27758108.0
229006242,24653693.6
229047052,21125980.4
229113738,26663517.8
230135526,11224978.2
230326934,25509611.2
23103344,20973087.2
231298651,33941180.6
231533417,23231676.8
231743972,29400715.6
231930234,18385897.8
232027407,21540689.0
232805623,28475773.0
233438004,26258365.6
233565853,20973087.2
234192264,20922306.4
23586750,23761404.4
236710499,26258365.6
23686776,25444690.0
237474395,22352141.2
238199192,18128433.0
238539977,22553541.2
238681160,19620275.6
239640082,25671892.8
24054496,24653693.6
240960814,28629376.6
241063640,20486380.4
242542221,25509611.2
242767402,24932308.4
243508913,22169255.8
243573371,27799096.8
244400081,29117934.6
244529517,23761404.4
245008472,23342789.6
245136573,27126135.0
245467192,19792239.0
245588037,14529402.2
246630780,23618355.2
247145135,25061371.2
247235728,23598906.8
247613560,23770038.6
247768640,30050286.8
247938980,26663517.8
248492702,21391671.2
249351045,31366903.6
249366252,22553541.2
249763292,18127310.6
249780770,28361415.8
250428502,22553541.2
251228922,23598906.8
25177348,31257086.8
251831841,22624224.0
252693566,20973087.2
253583470,31131514.8
253775072,27315167.8
254682954,25886616.6
255656520,13234109.8
255881649,29076347.4
255901688,23650944.8
256217037,6257910.2
256617664,27539584.0
256946052,16812502.0
260069838,24314857.4
260105364,27748410.8
260131815,36783669.2
260346949,21064299.6
260955881,9666203.8
262214459,22553541.2
263366519,26385499.8
263469624,20883836.2
263984874,1423715.8
264448990,20883836.2
264664705,39624082.6
264716265,15279214.6
264738263,39075914.8
265465161,25682997.6
265623066,18570922.8
266316518,18948407.2
2666652,28144570.8
267434407,20883836.2
267858759,22677969.4
268136318,26385499.8
268716817,15279214.6
269248670,45057845.4
26933231,8729683.4
269914904,27228935.0
270906952,15279214.6
271408873,3261344.4
271413633,24189979.6
271573574,17266535.0
272101269,19601687.6
272158141,24636388.6
273595483,28389766.8
273648163,23262541.2
274128360,28555184.8
275262683,25444690.0
275982455,31727309.2
276179308,26780393.0
276982395,23379306.8
277248385,22493611.8
278039129,17928740.2
278590045,25404045.0
27870347,28361415.8
278871356,28417900.8
278982021,16229937.2
27926562,18583398.4
280180078,17858675.6
280699977,20643843.4
280847504,27382576.6
281177678,23711722.6
28150401,28236793.8
281514878,26989364.8
281571243,26966391.6
282045677,24469354.8
282077332,28236793.8
282090531,28555184.8
282122041,27767396.4
282236366,24636388.6
282630295,25444690.0
282861389,28555184.8
282897271,28555184.8
282976212,20759916.2
28315401,24636388.6
283313652,29796638.8
283815234,6072112.6
284641506,34030157.8
285946155,25617165.4
286348387,36989927.0
286686392,39624082.6
287346123,31858446.4
287348519,27550337.4
287364787,16201025.8
287469856,13552841.0
288013742,21115181.4
288067094,25683151.8
288431696,31727309.2
288840453,17880677.2
288914088,27550337.4
288954511,36989927.0
28922321,35677518.8
289401335,15484704.2
289916724,24224754.2
28997795,10058072.2
292421346,33810715.8
292816482,3571849.8
292905699,29005047.8
293116393,37381115.6
293149344,25253742.8
293321906,33810715.8
294794256,33810715.8
295121444,22334920.8
295591342,34434150.4
296003783,33810715.8
296298437,27184066.8
297592436,25253742.8
297698604,16412845.8
298103383,16201025.8
298105681,15638947.4
298411266,34434150.4
299780207,13527695.4
300148624,8279569.2
300368947,24772233.4
300717475,33151383.4
300891897,15484704.2
300943209,14088830.2
301033616,27130054.2
301122706,26280719.2
301218412,18948407.2
30166674,34434150.4
301803983,30307797.6
301919813,36989927.0
302498114,25385983.6
303097019,36989927.0
303194240,22334920.8
304029996,6489084.8
304129540,30168519.2
304163639,17508043.0
304283775,22515674.0
304522764,20344059.0
304573399,30168519.2
304850754,31273115.6
304892356,30464878.8
305204931,16880371.8
305568906,37097713.8
305621118,25253742.8
305786144,30168519.2
305837928,13685048.2
306864913,36989927.0
307243855,25283612.0
307316422,30168519.2
307457033,39953477.4
307647822,12161064.8
307670221,35523496.2
307741861,32725099.2
308682858,24493759.0
30955620,11917781.4
30999662,27968117.2
310035446,24869936.8
310353509,22602581.4
310568336,4468986.4
310775796,29756477.8
311107634,34434150.4
311504505,31273115.6
311826249,34575709.4
311995776,21778895.0
312736365,20991181.6
312941568,21856744.4
313964120,24065770.8
314163505,15951643.4
314170744,35857609.0
314633532,38685178.0
315129893,29720111.4
315134007,24529572.4
316499886,35857609.0
316603753,29302190.4
316627171,24842122.4
316895145,16166286.4
316912604,29461177.0
317350729,32308899.6
317440703,16880371.8
318470911,12554923.6
318487088,27149462.2
319452057,24317350.0
320002238,34569549.2
320022328,26241986.4
320094880,18687940.8
321281603,28996225.6
321543978,20991181.6
321906603,20434082.8
322954553,38368478.4
323620345,19924907.4
323702308,18898141.6
323924461,29237664.8
324103039,23621357.2
324748150,25993711.4
325001188,18754430.6
32512316,21064299.6
325697320,14196015.8
325942881,39953477.4
32638361,26989650.4
326818048,16880371.8
32792883,15283985.2
328865892,12306603.0
330277271,32725099.2
330466807,25112574.2
330789547,26900057.2
332174626,30141292.0
332746748,17976477.6
333206388,29461177.0
335398362,29227065.0
335755738,26303728.2
336213069,15037913.2
337507689,15474623.8
337756045,21646108.6
338149793,23250513.2
33817177,27227477.0
338607032,14095363.0
339032264,13495788.2
339846368,20911987.4
34060202,29461177.0
341050644,18598383.6
34164562,12306603.0
341672973,11908325.2
342230662,17564621.4
342279873,25478983.4
342322253,32725099.2
343945736,17129193.6
343985399,17972640.2
344335909,20213791.2
344640432,27227477.0
345181085,21802330.6
346983698,32725099.2
348481867,29237664.8
348486495,27227477.0
348660340,24252351.2
348876771,18583398.4
349291703,24317350.0
34931189,1864709.6
350119945,21131986.8
350527067,29237664.8
351331050,22352207.8
351482320,25112574.2
351509644,34147724.6
352695344,20502397.2
354187699,19420311.2
354191963,14620882.0
354269196,34147724.6
354877396,25993711.4
355535938,19025846.6
356431921,20502397.2
356854390,24842122.4
357382324,21369195.2
357626827,28774071.8
357789168,8279569.2
358151918,27224733.0
359406630,36368415.0
360262154,18590452.2
360361183,29232111.6
360656492,26864808.8
361671709,18583398.4
362806359,20502397.2
363125294,18713214.8
363631303,24252351.2
36365027,31411790.4
363685327,21005071.8
363885653,18521698.6
363936828,14620882.0
364274381,21010813.0
36450259,27764052.8
365546944,29108450.2
367028683,29470784.4
367214620,10688427.0
367264529,28687015.8
367278065,28054940.8
368363452,18713214.8
36849759,25682630.4
368670844,25518878.4
368702529,20211579.4
369856026,34394998.8
372742618,6013256.6
372844561,17965644.2
373178867,29708566.6
374132339,24540166.2
375594805,27764052.8
376246033,23174847.2
376672412,28305316.2
376706522,22420923.4
377237175,33428835.2
378114405,24718315.6
378248729,14713322.8
378355474,26945616.4
378470871,31351053.4
378616992,22220630.2
379022420,17243562.2
379210074,31411790.4
379631415,20670927.6
380038502,14900395.6
380069021,10146321.4
38058221,24520551.4
381232081,19678434.8
381934185,22220630.2
38227338,28578227.6
382646453,12217232.2
383059897,24520551.4
383842691,15672818.4
383951014,26945616.4
384755092,36247482.2
386442102,25274394.0
386995963,18521698.6
388384605,24493759.0
388529663,29470784.4
388927603,20940943.0
389079613,17564621.4
389189559,21238697.0
389254541,26213983.0
389284421,30464878.8
39008491,23324783.8
390643792,27142793.2
391234021,18163539.0
391889473,25989292.8
392270446,19678434.8
392708749,17564621.4
392842694,23169490.2
393075721,24368458.6
394827898,20676341.2
394845623,18138725.8
395308430,35501107.4
395409620,15561978.6
397127294,24368458.6
397595362,17003105.6
399014201,31782590.2
399832716,12340631.8
400220959,27041950.2
40045420,26945616.4
401398778,20531748.6
401755902,23621357.2
402245791,24368458.6
402646525,26262456.6
403059334,34566994.2
404368978,46012866.2
404418984,31710876.8
404538868,18315520.6
404990617,14060638.0
405613802,28342687.4
407459979,19431363.8
408452495,36534922.2
408794176,23160523.2
40908491,26751209.0
410025588,14095363.0
410510944,27644737.2
412373157,26241986.4
412526212,8718278.6
412881160,21369195.2
412948933,19032764.0
413268740,27722161.0
413730725,26751209.0
413990424,25845124.0
414737101,23004103.2
415257955,26594480.2
415940645,26945616.4
416377386,28342687.4
416906269,26751209.0
417104543,29214394.8
417535915,32049361.8
418024334,24368458.6
418275877,23812319.0
418350263,31584437.4
419460828,14095363.0
419900140,28687015.8
419979587,32503999.4
420519707,22352207.8
420627635,31584437.4
420650664,21369195.2
422246855,18335353.8
422675999,14095363.0
422894796,19191752.2
423141445,33255155.4
42323522,21366414.2
424045889,20787452.0
424555504,14620882.0
425415049,35501107.4
425567041,27143862.4
425888815,35333185.8
426907115,36399780.8
427149670,18521698.6
427375210,19431363.8
427429721,15672818.4
427760151,33088752.2
427763429,33088752.2
428917687,33088752.2
429308347,22400217.8
429491430,18521698.6
429578330,18521698.6
430621156,21384841.6
431034914,15565059.4
43112697,28140711.0
431878192,32503999.4
432241754,17393737.8
432516399,25374804.6
432684208,33428835.2
432695730,16701166.4
43303881,4396401.6
433865661,21119587.2
434370668,16369036.6
434636426,19855922.8
436769483,27030361.8
437473914,23507162.2
437665247,27765332.4
437938824,27588555.8
437950948,32606581.4
438232368,25799720.4
438633294,23621357.2
438903606,30009579.0
439219669,23169490.2
440363470,23621357.2
440655160,19376689.6
441283925,23621357.2
441960828,17393737.8
442434310,17016011.2
442489148,25250347.4
442563989,30009579.0
442797407,26058861.0
442836719,13848106.0
442994108,18907959.6
44324029,14532403.4
44341278,26457158.6
444244451,27858213.8
446793155,18613190.0
447033565,18973545.8
447327858,21786774.2
447513558,27805414.4
44819727,31668607.4
448346626,16850948.6
448593480,18113068.8
449023004,23018195.6
449223774,27130991.8
449274025,21789026.4
449283120,27362381.8
449385871,21789026.4
450538314,16013378.8
450769375,24804053.8
451860145,21789026.4
452493012,18075454.0
452805029,27588555.8
453584379,25799720.4
454253941,21789026.4
454301633,16118124.2
454576310,26269722.6
454725769,23558248.4
455448902,22472885.4
456206820,21513851.0
456580358,18765484.2
456916377,21789026.4
457792259,30270851.4
458349901,18878297.6
45843121,12779668.6
458682370,17903092.8
458941360,23169490.2
458968879,24690751.6
459947164,21642102.8
461089143,24804053.8
461487257,19042281.0
461558258,20985202.0
461597069,24351852.8
462951203,27143862.4
464978165,20856241.0
465297287,20332441.8
466159944,17903092.8
466902104,26191650.2
466909708,17787311.2
468372015,11228412.8
468381762,12600542.0
468941511,23223339.4
469128429,17178642.4
470133493,22353857.8
470215356,23767324.4
47093571,26610489.2
471581397,16013378.8
47158458,22261189.8
472246049,29850112.6
472401236,30270851.4
472434486,5500646.4
472813142,30062559.4
473014096,26365209.4
473576430,21018963.6
474052134,16600783.8
474206182,26365209.4
475130215,16118124.2
475779483,26365209.4
475937957,20946890.6
476248197,22954390.2
476753180,21129684.0
476804737,23484736.0
476919016,18075454.0
476948252,28195062.4
477007410,20077904.8
47732956,22410769.0
477689927,22869288.0
478593354,23707604.2
478674114,23484736.0
479177652,25819040.6
479326775,11702481.6
479884803,25819040.6
480158197,12600542.0
480461629,26269722.6
480851597,23484736.0
480956393,19861572.6
481605746,15565059.4
481920571,15956813.4
482243145,15565059.4
48233383,25238205.0
483459962,26365209.4
483753975,22788191.0
483812676,7672817.0
484975664,21498477.4
48536127,25589825.0
485444965,26269722.6
48604513,22898499.8
486128668,19127551.8
486898239,20466969.0
487429030,18616310.0
487623440,25819040.6
488408476,19073027.0
488815657,22898499.8
489039620,23167011.2
489348120,33004689.0
490689404,15933994.6
490760531,26819264.4
491048514,24804053.8
491238797,25192291.0
491413869,35297482.2
491865397,25503065.6
492142597,20723148.0
492680743,23189193.4
492771066,18616310.0
492985141,23884195.0
494759191,14085554.2
494843479,35442561.4
495316407,25749993.0
495434233,22239734.6
496695416,32373342.6
497245670,20891123.4
497728530,23189193.4
498147140,26269722.6
498494070,12600542.0
498590214,28048999.6
498872341,22352207.8
499074363,9221965.0
499157490,18031950.2
499179247,32735819.6
499395470,14115932.8
499404548,20891123.4
500591180,22293148.0
500834016,35442561.4
500838646,22171783.8
500975214,20336408.6
503441159,11228412.8
503702552,15010944.6
503921694,37374028.0
504043833,23964068.6
507197174,14713322.8
507366193,19905269.2
508758258,21294155.6
508784611,22850353.0
508834565,20891123.4
50889432,21870337.4
510056497,32128844.0
510076208,11228412.8
510801802,23447807.6
511217945,20946890.6
511978994,25992913.0
512339405,28736700.2
513129972,18353386.6
513181,33922086.0
513363441,20389784.6
514855544,20946890.6
5149608,24175815.4
515383914,18870857.6
515581783,19825634.0
515955469,25467768.2
51604518,23259526.4
516212556,3452995.0
516272311,20946890.6
516943132,18870857.6
517946260,2854542.0
518387988,17903092.8
518528051,19356435.8
51938320,37563731.2
520609728,28736700.2
521169190,21948608.6
521769547,19356435.8
521955696,5790008.4
522506128,17903092.8
524273030,23694079.6
524416580,17138633.4
524875318,20946890.6
52519852,10749593.0
525412783,17981383.2
525698425,16850948.6
526399726,25319845.4
527014367,29826193.8
528493944,21416119.4
529252801,25192291.0
529290872,21018963.6
53046710,29826193.8
530966621,34069268.8
531058980,32654632.4
531781161,20471241.8
531833319,20471241.8
532118845,15894043.6
532286234,29826193.8
532826709,15894043.6
532904300,24426675.0
532994678,16850948.6
533290300,20387056.4
533439948,24175815.4
534143403,24175815.4
534154371,28736700.2
534264240,17529848.2
534381862,18870857.6
534843393,32735819.6
535680745,17155643.8
535962290,20471241.8
535998076,32735819.6
536501947,34922040.8
537064740,26760885.6
537294086,9221965.0
537373123,23694079.6
538188739,6013256.6
538605063,32014211.8
538653112,20161938.6
538906942,17377299.0
541504439,25447381.0
54168867,10515911.8
542442356,21513851.0
542526038,23243910.0
543051407,17245966.2
543505888,32881657.8
544050502,30148455.2
544055958,17245966.2
544830679,37468221.4
545413269,21323374.6
545603396,18353386.6
5460203,15155722.4
546241772,11702481.6
546261150,13345411.8
546523809,20471241.8
546732136,23694079.6
546765944,9170372.2
546825827,22764369.4
548607382,25435473.2
548625967,27138333.2
548700542,32881657.8
549415380,27552041.0
549593830,19267651.2
549721982,15894043.6
549832738,23447807.6
550441831,25462374.0
550557709,25462374.0
552039724,7533847.6
552100552,25447381.0
552391057,25723510.6
553195805,34930875.6
553439372,20471241.8
553506034,28414163.0
553843296,28597159.2
554572745,25447381.0
555004313,25462374.0
55510975,25462374.0
555289764,30974467.0
555901035,23371525.8
556026510,15769871.0
556516545,20357994.8
556592677,25447381.0
556944814,30557914.2
557080555,13049265.8
557646072,28058485.0
55911496,32014211.8
559180520,29550245.8
559298877,21103177.0
559964053,24322373.2
561703237,23371525.8
562556875,8318771.2
562958468,25992913.0
564399178,27289174.0
564480285,32881657.8
566240925,15010944.6
567177481,31737132.0
567355690,26802910.8
567814647,11579826.4
568216823,23770747.0
568239235,22933862.0
568456876,28058485.0
568541879,24886841.0
568789502,32000508.6
568820139,19864501.4
568873521,22685703.0
570031313,18052581.4
570052095,20755739.6
571279585,27071671.2
571683257,16850948.6
572276102,23770747.0
572834672,22933862.0
573514854,11744591.0
573622041,29037981.0
573797974,26833980.4
574634448,22593695.8
575305125,21087926.4
575355164,26971867.6
575452180,24193929.6
575596751,19343553.2
575900990,28555875.8
57603686,26970730.0
57616041,30185126.0
576438967,33097104.4
576546552,27071671.2
577073669,17389432.0
57764839,18579115.2
578812738,27071671.2
578841005,16488440.0
579307667,21372502.8
579683001,26627360.0
579908624,33097104.4
580262567,26291730.0
580272496,33097104.4
580830667,22953222.2
581069262,10970348.6
581397504,26975863.8
582268580,19580918.4
582324215,29020603.2
583276025,23767863.2
583304572,15622384.6
583411418,21323374.6
584164925,23767863.2
584192319,30951220.4
584416994,33097104.4
58579165,11744591.0
585908475,46012866.2
586194492,34922040.8
586537093,21389415.2
587453041,28955738.8
587851618,27020697.8
588051961,25795669.2
588264306,8498119.0
589943737,19267651.2
591305551,25992913.0
591342465,32881657.8
592111721,28048999.6
592144195,25795669.2
59231274,13812742.4
594786934,27206935.8
594908465,33095193.6
594981586,25589613.4
595194132,15586508.0
595336840,23091433.2
595477621,28306551.8
595546291,24923733.0
595939459,33095193.6
596031245,10543562.2
596775154,23823762.0
597191221,19864501.4
597690122,15010944.6
598097609,26061252.0
598266613,18579115.2
598730912,28515740.4
598772021,22628269.8
599036077,26735307.4
599292128,31941215.6
600168324,15622384.6
600220445,15501825.2
600983434,19533064.2
601506140,21131293.2
601524801,19580918.4
601755218,31034310.0
602020124,19267651.2
603314,26802910.8
603776126,4449039.8
603946477,19743318.6
604357728,33433175.6
604747875,31941215.6
605498975,7533847.6
606267992,11005751.4
606591990,33433175.6
60701054,22628269.8
6070985,22628269.8
607490432,33445757.0
608666976,18052581.4
608936534,22964189.0
609071379,28340309.0
609192146,19533064.2
609526992,23091433.2
609557927,26514361.4
609963923,28380034.6
610270417,22628269.8
610309719,26915591.2
611606940,26696195.8
612043874,28340309.0
612447943,26291730.0
613184619,27357335.6
613886312,19562987.0
615812936,26291730.0
615891154,29019041.8
616199251,35636667.4
616719593,21029168.2
617255708,35636667.4
618147871,14321515.0
618682872,20532030.6
618695913,22933862.0
618818301,21088647.2
619331058,21116960.6
619379482,27149462.2
619819375,13526379.8
621005356,25261356.4
621097518,25058340.6
621561921,34922040.8
62166521,27800122.8
621829524,34750198.2
621938105,30704521.0
621992624,7838576.2
622676850,34750198.2
623083505,24956916.6
623230167,24956916.6
623595783,31376297.6
624917154,26696195.8
625038024,24956916.6
625142129,22877933.6
62532222,26920621.4
626164144,20631405.2
626322376,11271652.0
626866590,26696195.8
628213771,35636667.4
62835317,8572233.0
628631743,26926511.8
629137203,26802910.8
629568545,2266272.6
629707946,31376297.6
629966482,26802910.8
63085880,34922040.8
631780725,27541711.8
63240694,32373342.6
632638065,22964189.0
632676084,24973364.6
633652522,4998175.2
633779249,24973364.6
63379920,19580918.4
633838860,25589613.4
634083504,15010944.6
634331045,24973364.6
634354320,22270053.0
635316564,26384617.2
635426720,26194279.6
635576099,26096078.6
635695132,22964189.0
636515419,29019041.8
636912378,24956916.6
63715701,24426675.0
637157127,25891231.8
637677312,24973364.6
637794067,30704521.0
639095842,26096078.6
640300977,22570352.8
64040346,31376297.6
640559732,32373342.6
640672904,24973364.6
641136684,24973364.6
641168964,24973364.6
641289516,26971867.6
641388477,16934064.6
641552330,26108249.2
64168627,24973364.6
642177912,15010944.6
64297561,8029144.4
643179124,31929250.2
644409709,22593695.8
644635974,29742588.4
644687888,20314337.8
645145248,33233364.4
6452624,35216478.6
645591425,15010944.6
646472471,24688332.8
646717244,15010944.6
646778392,26096078.6
646934273,22593695.8
647183864,24973364.6
64719838,19360765.4
647980942,26096078.6
648106838,22593695.8
648501807,15010944.6
649226890,15010944.6
649714233,25468821.6
649888360,24973364.6
650067382,19360765.4
650228140,34922040.8
650427189,24973364.6
651126788,20631405.2
651332647,21129684.0
651409426,2684580.2
651789852,19360765.4
651834084,24973364.6
652598093,23886285.6
652894953,26096078.6
653299017,15010944.6
653777184,26096078.6
654776229,15010944.6
655037286,20220821.0
655716117,25009119.4
65575584,20220821.0
655843296,26194279.6
655846883,15010944.6
656267377,19360765.4
656829103,20220821.0
6577398,20220821.0
657828865,20220821.0
658099461,19360765.4
65823859,27357335.6
658783371,29313660.6
659200008,29939891.4
66007241,20220821.0
661349045,34922040.8
661440419,26170102.4
661668096,29019041.8
661709272,25589613.4
66198672,19360765.4
662131474,20220821.0
662882349,23173133.4
663287084,34922040.8
663459205,19360765.4
663744558,26888202.6
666305087,28964980.4
667097243,6025627.8
668395393,28998900.8
669333382,25589613.4
669539950,26304164.4
669797783,25589613.4
669809445,33233364.4
669860014,20631405.2
67001123,24155001.4
67089566,29443228.8
671513959,24973364.6
671954941,26778583.0
672285731,25589613.4
672998055,25589613.4
673964391,25589613.4
674012882,25589613.4
674198779,34922040.8
674901639,25589613.4
675261564,25589613.4
675814457,34922040.8
675845523,20631405.2
676115435,25589613.4
67637654,33233364.4
676663859,34922040.8
676899080,25589613.4
677328589,25589613.4
677521913,29019041.8
677960831,16663664.2
678069085,28827758.2
678082835,25589613.4
678169850,28004502.8
678175964,28998900.8
678646361,30973107.8
679074896,24193929.6
679097441,28048999.6
679487700,33233364.4
679745839,23857754.2
679999868,32373342.6
680130950,30716102.4
680255437,23951337.6
680492354,33233364.4
680576870,29742588.4
681419015,32373342.6
681597161,28998900.8
682307156,34922040.8
68252733,33033435.2
682559898,34922040.8
6825894,34922040.8
683147984,34922040.8
683189731,34922040.8
683713036,34922040.8
684012682,34922040.8
684459129,29742588.4
685475461,28004502.8
68554865,32373342.6
685963584,28048999.6
686204475,24426675.0
686319781,34922040.8
687579699,35083653.2
688439289,28716071.2
688474018,32373342.6
688646840,28998900.8
688821677,28998900.8
688863755,34922040.8
688885485,22570352.8
688936958,34922040.8
689182004,34922040.8
689432564,38856025.2
689743728,34922040.8
690003543,25131424.4
690023172,28716071.2
690122198,24877020.8
690511200,32373342.6
690551821,20373185.4
690757040,25794571.4
691610647,24193929.6
691651457,7837134.2
692506393,5298698.8
692866315,32373342.6
693331752,29577620.4
693711777,22904407.4
694078395,32373342.6
694445719,28998900.8
694533411,32373342.6
694853998,38856025.2
695289901,32373342.6
696135465,34922040.8
696439511,38203450.2
696971052,38203450.2
697134733,35121970.0
69736057,38203450.2
697387932,29742588.4
69792430,32373342.6
697929895,17274361.8
698305523,38203450.2
698836059,23267674.2
699219439,26304164.4
700065514,26778583.0
700212925,21979148.8
70034994,20831483.2
700653041,38203450.2
701259694,22904407.4
701856954,22237796.6
701894096,32373342.6
702021179,24758072.8
703054059,32373342.6
703643179,32373342.6
703680106,32373342.6
703995178,26778583.0
704032501,28236670.2
704346315,32373342.6
704532147,12058067.0
7048079,24193929.6
705071426,25131424.4
705698742,32373342.6
70572268,34922040.8
707495147,7660292.0
708135369,47915930.4
70904939,32373342.6
709190899,29418396.8
709906232,32373342.6
710112502,24193929.6
710643716,31929250.2
711765596,20373185.4
712274610,32373342.6
712724986,32373342.6
712763144,21129684.0
713185402,20373185.4
713667596,24193929.6
714430338,18256882.6
715091350,25851797.4
716144663,20373185.4
716913886,24193929.6
71739210,32373342.6
717475057,38203450.2
71759446,15434501.6
718033664,36653139.8
718200870,29742588.4
718462915,24426675.0
718644391,38203450.2
718703605,23187249.0
719416315,24264665.6
719781230,25891231.8
720228169,31892804.0
72051814,26096078.6
720575698,24193929.6
720741430,17387628.0
720753525,38203450.2
720890684,24193929.6
723428785,24193929.6
723952442,29742588.4
724373652,25131424.4
724659721,19532814.2
725048491,24264665.6
725076297,29418396.8
725374042,22570352.8
72574795,22237796.6
72651203,26866210.4
726757584,38203450.2
727492101,25851797.4
727532359,29742588.4
727859248,30243464.2
728177222,25131424.4
728388264,17422192.4
729067389,23173133.4
729423060,13106804.4
729870090,24264665.6
729979472,23509573.0
730012471,31443271.0
730035178,36695071.6
730414813,31892804.0
730474221,13624006.6
731705412,3711058.2
731902458,28903902.6
731906543,24871647.8
732023304,22151394.4
732107641,36653139.8
732559655,14337797.4
733163436,36653139.8
733637167,29742588.4
733988337,24871647.8
734437203,36653139.8
735284814,36029135.6
735457649,27521831.8
73583691,20001115.8
736819201,22151394.4
736964441,22151394.4
737027380,22570352.8
737567375,24426675.0
737743331,22570352.8
738046711,36653139.8
738159093,36653139.8
738483658,24871647.8
738623702,21129684.0
738756568,29742588.4
739040077,24871647.8
73907393,24877020.8
739467017,28903902.6
740319411,36653139.8
740985437,24264665.6
74103433,23861338.4
74177304,36653139.8
742086401,24196612.0
744216431,28903902.6
74444849,36653139.8
744889747,20373185.4
745933123,24871647.8
746150472,26866210.4
746747513,26866210.4
747070761,10149138.2
747235420,24264665.6
747509362,23861338.4
748685049,18138725.8
748798953,18363989.4
74950304,29284696.2
750535553,36186385.8
750917663,14337797.4
750996880,22237796.6
751048458,18128624.2
751935661,14337797.4
752550623,36186385.8
752696336,29122633.6
752996947,28716071.2
753004280,36653139.8
754062892,23861338.4
754268958,36653139.8
754417738,21677281.4
754595580,23173133.4
754607970,24264665.6
755831031,26304164.4
755881810,24196612.0
756112127,18363989.4
756127189,36186385.8
757144677,23812469.2
757508939,21210861.0
758202509,22231919.2
759435064,22231919.2
760049256,23812469.2
760116913,14135873.2
76063161,2820350.2
760981960,21210861.0
761124805,17422192.4
76138463,36186385.8
761400898,28716071.2
761490111,24264665.6
762074361,23812469.2
762505241,16663664.2
763136378,21601112.0
763161946,18256407.6
763714603,24264665.6
764791627,24196612.0
765529516,23812469.2
765605236,23173133.4
765692781,24285647.4
76652896,14337797.4
76666549,17422192.4
768188637,25794571.4
768285401,21210861.0
768347073,16663664.2
768372906,21210861.0
768648619,21210861.0
768694864,36186385.8
769093074,22237796.6
769248851,22422164.4
769664033,28716071.2
770099985,18138725.8
770118099,34532173.2
770614342,21210861.0
770662295,18128624.2
770848302,23509573.0
771107814,23666330.6
771516862,22231919.2
77152016,28716071.2
772542617,8133702.2
772820574,23666330.6
773118494,30243464.2
773228648,23666330.6
773884877,23998933.6
773966416,36186385.8
774503500,36186385.8
775165856,22237796.6
775553592,21210861.0
775594946,31929250.2
77596096,22237796.6
777091207,22237796.6
777298307,25228037.8
777577982,29824198.6
778061276,24426675.0
778164804,22237796.6
779448178,27795811.0
77997948,30243464.2
780472426,25818206.8
780993101,25560835.6
781091788,22237796.6
781524342,36575513.2
783029100,36575513.2
783393259,16663664.2
783608484,36575513.2
784608403,28716071.2
784926776,24426675.0
785072836,19680644.2
785284985,5645804.4
785585794,16934064.6
785858556,28716071.2
786182879,38078729.4
786817871,19947181.6
786931474,25818206.8
787170108,22040304.8
788094244,24426675.0
788094431,31929250.2
788232169,29122633.6
788274770,25818206.8
788299378,21210861.0
788639531,36575513.2
788713777,25818206.8
789346799,29122633.6
789459556,14011623.4
789627929,25818206.8
789781713,27149462.2
790331967,31929250.2
791207230,26249379.6
792193372,22231919.2
792396274,32352721.8
792531498,21210861.0
79312563,21165891.0
793915326,6025627.8
794676693,19680644.2
794889827,29366956.2
795059117,36575513.2
795317395,31929250.2
795941707,36575513.2
795998482,36575513.2
796309524,29366956.2
796943128,21165891.0
797097935,36575513.2
797240914,36575513.2
797838685,31929250.2
797975693,21165891.0
798148552,29366956.2
798681796,44886156.2
798707305,26544105.2
799060558,13830438.0
799159875,16459905.2
799250686,22231919.2
79939928,21165891.0
799436544,29675412.6
799740613,24426675.0
799989470,22550523.0
800161660,18507886.8
800654756,36575513.2
80114783,36575513.2
801782182,19506308.2
801932165,20744151.8
802310193,36575513.2
802939805,22231919.2
804133866,21805876.6
804791860,14011623.4
80491904,30578795.6
804951561,36575513.2
805494552,19506308.2
80560725,16209749.8
806061262,22231919.2
806383961,22231919.2
806537516,18739960.6
807102745,21165891.0
807142192,20300164.2
807148290,31929250.2
807399710,27150615.2
807676191,22231919.2
807819960,29818003.8
808480147,28414163.0
808578640,22231919.2
8090006,22231919.2
809001604,44886156.2
809062731,21677281.4
809173313,22231919.2
80938036,14337580.8
809478053,18138725.8
809771064,25217093.2
80983984,26119609.2
810149287,14337580.8
810287611,25683668.8
810516823,22231919.2
810866813,46012866.2
811808879,37097713.8
81189189,14768165.2
814194004,21601112.0
814375798,18138725.8
814391272,14768165.2
815391918,14337580.8
81564935,30578795.6
815763667,14337580.8
816292876,36520535.2
816724903,14011623.4
817076262,14337580.8
817286562,14619334.8
817448324,14768165.2
817639495,30974035.0
817882172,14011623.4
818349007,14011623.4
818554518,14337580.8
818826504,30578795.6
819035017,44886156.2
81945203,36520535.2
819627851,44886156.2
820090972,28236670.2
820409590,27832566.8
820547235,18138725.8
820907424,36520535.2
82117335,23942728.6
821180602,28236670.2
822515191,44886156.2
823017486,14768165.2
823707584,44886156.2
82371649,16233491.6
826376398,14768165.2
827203118,30974035.0
827378125,44886156.2
827663810,44886156.2
827726394,44886156.2
827803506,2202596.6
828677947,18138725.8
829153976,16233491.6
829175298,30974035.0
82988051,44886156.2
830125328,13830438.0
830444553,18256407.6
830597098,30578795.6
830695026,13830438.0
831302947,18138725.8
831609277,3737101.8
832751522,18507886.8
83282816,28955843.6
833200083,30974035.0
833522305,18138725.8
834484140,27937069.4
834675891,13830438.0
834933020,29107322.8
835465883,25415755.0
835523862,30974035.0
835568306,28119602.2
835774972,14768165.2
836174334,35471647.0
836288436,44886156.2
837813772,25903000.2
837971591,22348712.2
838313711,28236670.2
840041017,18138725.8
840522336,35471647.0
84070532,28119602.2
841450874,44886156.2
842493767,13830438.0
842894693,35471647.0
84320679,44886156.2
84405817,13830438.0
844506946,44886156.2
844664347,44886156.2
845774066,13830438.0
845826858,13830438.0
846647124,21677281.4
846682731,13830438.0
846700750,13830438.0
846744260,29198419.0
847334954,44886156.2
847962582,44886156.2
84813922,44886156.2
848581954,31070424.4
849062809,27357335.6
849505778,13830438.0
851709109,21677281.4
852414479,33957785.8
852704648,20131139.0
852989435,44886156.2
853508008,13830438.0
853610632,29198419.0
854172819,20882227.4
854875548,28236670.2
85499528,35471647.0
856254594,35471647.0
85638848,44886156.2
856612700,28969768.0
857937585,18507886.8
85810913,22040304.8
859183068,23109038.0
859274173,44886156.2
859652539,18256407.6
859975969,22550523.0
859980212,18238909.0
860288823,20300164.2
860715236,13830438.0
861227030,20131139.0
861257947,27985785.6
862560124,24529238.8
862920642,28058506.4
864386280,19651404.8
864547424,24794152.4
864662939,22040304.8
865072886,19651404.8
865140960,44944845.8
865285202,45458990.4
865386011,22040304.8
865442778,23413001.6
865525071,23109038.0
865612286,20854377.6
866729893,27149462.2
866758423,44944845.8
866792357,27149462.2
867093886,25834298.6
868718273,44944845.8
869119721,20970878.2
869322144,29198419.0
872179122,25227624.6
873082841,23109038.0
873340274,23109038.0
873824973,27149462.2
874143536,27506621.0
874302891,26119609.2
875102499,22040304.8
875430665,25726503.6
875444277,16459905.2
875498717,20970878.2
875833154,22040304.8
876320481,20882227.4
876926968,34636619.4
878601301,22729305.6
878845901,20882227.4
879147391,18256407.6
879583320,22729305.6
880673910,16459905.2
881203310,20271015.2
881308545,16459905.2
881617953,20970878.2
88163303,27832566.8
882223051,20882227.4
882372154,20882227.4
882871649,18256407.6
883285040,23413001.6
883881569,44944845.8
884581072,20970878.2
884595880,9991323.6
885754547,18256407.6
88594602,28058506.4
88629273,23413001.6
886779816,19741500.2
886791279,44944845.8
887451003,20882227.4
887752978,19651404.8
887806307,26119609.2
888093360,25010742.4
889075076,27832566.8
889132390,20970878.2
889398383,20970878.2
889941422,19470249.2
890707823,20180199.2
890711897,19651404.8
891333219,25460780.8
89160029,20970878.2
892564823,29289287.2
892901225,29289287.2
893831153,45458990.4
89427159,29289287.2
894661113,24529238.8
894718015,28223618.2
895093954,27795811.0
895293769,20970878.2
895915199,45458990.4
896125994,35076368.8
89642504,20970878.2
896663620,20300164.2
897540717,20970878.2
897667109,25460780.8
897887568,25227624.6
898203011,45458990.4
899031983,20970878.2
900763028,25261986.4
900874409,22152357.6
902114155,24812080.6
902375683,25460780.8
903247415,20271015.2
903393249,27506621.0
903554939,23538561.4
903626058,45458990.4
903986584,27146275.8
904214057,21601112.0
904363850,25227624.6
904405461,27985785.6
905285790,19031032.2
90572254,21753628.0
905777338,45458990.4
906979721,26119609.2
908455284,17622987.2
909127116,45458990.4
909369717,21601112.0
910750522,25996596.4
910820681,45458990.4
911080236,16329806.6
91142823,47254253.0
911997927,27832566.8
912398552,26319223.4
912534056,7673460.6
912900119,27832566.8
913731686,27506621.0
913946812,27832566.8
914704761,27832566.8
915162394,45458990.4
916444386,27832566.8
916985784,25506443.6
91887929,24245131.8
919272254,45458990.4
919465378,45458990.4
919490181,35715036.0
919939413,45458990.4
920385595,26319223.4
920741627,36708299.0
920788801,27832566.8
920938524,28182787.8
921899048,21601112.0
92198020,19031032.2
922017943,18474581.0
922571639,24861662.4
922683102,28532114.0
92343295,18474581.0
923885506,45458990.4
923936381,23563903.8
924684934,26119609.2
924964672,25217093.2
92541280,26366915.2
925438335,28532114.0
925881906,45458990.4
925884391,28195062.4
927153725,26119609.2
927854113,21633084.0
928349115,28182787.8
928414279,18474581.0
928713250,26119609.2
928777176,45458990.4
930855206,29127779.0
930904558,35076368.8
930971928,27985785.6
93102882,35076368.8
931079153,26319223.4
932084533,45458990.4
932373769,25217093.2
932998594,26319223.4
933997906,26119609.2
934199817,36708299.0
934488913,36708299.0
935166347,24529238.8
935508630,20970878.2
93665383,46012866.2
937238441,21601112.0
937843618,21427187.4
938109149,34636619.4
938523364,34636619.4
939311744,26319223.4
939756690,45458990.4
939810412,36708299.0
940842254,36708299.0
940888397,21601112.0
941091182,36520535.2
942007851,29449613.8
942065636,36708299.0
942613600,32725099.2
942814455,26089801.2
943345515,28969768.0
943853322,33957785.8
944527607,24609300.8
944538945,29449335.0
944989966,24609300.8
945760413,24529238.8
946550540,26026469.8
946628340,36247482.2
946903325,24609300.8
947090403,21633084.0
9472096,33957785.8
947471791,33957785.8
947720191,28037627.4
948057434,24609300.8
948292000,28037627.4
948842365,33957785.8
949484998,20300164.2
949618731,20300164.2
949734355,28037627.4
950816038,25276912.8
950900627,27146275.8
950950325,20300164.2
950978902,27146275.8
951290289,25276912.8
952179958,32252977.2
952257811,25217093.2
952401993,28037627.4
952458019,24861662.4
953346027,33957785.8
953506583,28037627.4
953949756,24221564.4
955905528,33957785.8
957184301,33957785.8
957807611,13584190.4
95810878,24861662.4
958203396,34636619.4
958270939,36708299.0
958278520,20300164.2
958721439,26026469.8
959086459,27962015.4
961267980,20335665.6
961651047,26089801.2
962787425,34636619.4
963052072,32023510.6
963569136,36708299.0
964004526,36708299.0
965711043,21633084.0
966651364,29107322.8
967094967,22095423.0
967222678,25714033.2
967302248,25276912.8
968470048,34636619.4
968597742,34636619.4
969170465,20335665.6
969357718,25217093.2
970061299,20335665.6
970295022,34636619.4
97075682,19031032.2
971938966,19031032.2
972733285,25217093.2
973336622,26089801.2
97337621,28182787.8
973420892,27936925.6
974102108,3634610.2
974378027,21633084.0
974525074,30389442.0
974606400,13610234.0
975367443,25217093.2
975676374,36659397.8
97579950,30973107.8
976236385,21633084.0
976707361,25217093.2
976837402,25714033.2
977030633,25714033.2
977209796,22331211.0
977386447,30973107.8
977446624,30973107.8
978309515,36659397.8
978341311,30906449.4
979330433,26026469.8
980247693,30973107.8
98049952,36659397.8
980559847,26026469.8
980665370,36659397.8
98186373,21633084.0
982293994,36659397.8
982336669,20335665.6
982455895,31362966.6
982740029,33957785.8
983270799,47915930.4
984154541,17997426.8
984224331,23538561.4
984225590,36659397.8
984949164,25217093.2
985043652,26026469.8
985125128,27936925.6
985423081,17455447.6
985614401,30973107.8
986058423,36659397.8
986204419,30973107.8
986642651,31949829.6
986663011,22095423.0
987026989,24221564.4
987159268,22095423.0
988251615,22331211.0
988661571,22095423.0
990790400,22095423.0
991016912,22095423.0
991035709,18921811.6
991044378,24138285.6
992018586,34069268.8
993045904,25217093.2
993446420,22095423.0
993659832,34636619.4
993663407,23245980.0
995669347,21601112.0
995888455,22095423.0
996425152,22095423.0
996662864,23538561.4
996855915,23787462.6
997431578,36999525.2
997573735,36999525.2
998206879,23245980.0
998393594,36999525.2
998625201,46012866.2
998818197,26089801.2
998818893,26089801.2
999761287,38345807.6
